environment_id,world,detector_variant,detector,status,failure_modes,event_count,transition_count,motif_count,canonical_motif_supports,canonical_motif_recovery,active_signal_cell_coverage_ratio,active_signal_cell_overcapture_ratio,event_history_accuracy,event_context_accuracy,collapsed_static_accuracy,predictive_accuracy_delta,compressibility_index,recurring_three_event_window_fraction,repeated_episode_instance_fraction,window_size,activation_threshold,dropout_probability,spurious_probability,heu_attack_rate,heu_recovery_rate,heu_leak_rate,heu_commitment_threshold,hysteresis_off_ratio,hybrid_local_threshold_ratio,event_decoder,decoder_subset_size
branch_clean,branch,sliding_window_default,sliding_window,faithful,within_useful_manifold,420,280,26,60;60,1.0,1.0,0.0,1.0,1.0,0.0,1.0,0.54706,0.857143,0.857143,3,0.75,0.0,0.0,0.8,0.35,0.02,0.65,0.55,0.75,none,2
branch_clean,branch,sliding_window_short,sliding_window,faithful,within_useful_manifold,420,280,24,60;60,1.0,1.0,0.0,1.0,1.0,0.0,1.0,0.553003,0.857143,0.857143,2,0.75,0.0,0.0,0.8,0.35,0.02,0.65,0.55,0.75,none,2
branch_clean,branch,sliding_window_long,sliding_window,failed,undercapture;motif_loss,188,69,17,5;0,0.0,0.685714,0.0,1.0,0.695652,0.0,1.0,0.375143,0.625,0.865546,4,0.75,0.0,0.0,0.8,0.35,0.02,0.65,0.55,0.75,none,2
branch_clean,branch,sliding_window_low_threshold,sliding_window,failed,overcapture,418,278,25,60;60,1.0,1.555556,0.555556,1.0,1.0,0.0,1.0,0.55171,0.869565,0.857143,3,0.6,0.0,0.0,0.8,0.35,0.02,0.65,0.55,0.75,none,2
branch_clean,branch,sliding_window_high_threshold,sliding_window,faithful,within_useful_manifold,420,280,24,60;60,1.0,1.019417,0.019417,1.0,1.0,0.0,1.0,0.554659,0.857143,0.857143,3,0.9,0.0,0.0,0.8,0.35,0.02,0.65,0.55,0.75,none,2
branch_clean,branch,heu_default,heu_like,faithful,within_useful_manifold,420,280,27,60;60,1.0,1.0,0.0,1.0,1.0,0.0,1.0,0.544638,0.857143,0.857143,3,0.75,0.0,0.0,0.8,0.35,0.02,0.65,0.55,0.75,none,2
branch_clean,branch,heu_fast_decay,heu_like,faithful,within_useful_manifold,420,280,30,60;60,1.0,1.0,0.0,1.0,1.0,0.0,1.0,0.547498,0.857143,0.857143,3,0.75,0.0,0.0,0.8,0.6,0.05,0.65,0.55,0.75,none,2
branch_clean,branch,heu_slow_decay,heu_like,failed,overcapture,421,281,26,59;59,0.983333,1.667857,0.667857,0.952381,0.97619,0.0,0.952381,0.548639,0.836879,0.842857,3,0.75,0.0,0.0,0.8,0.15,0.0,0.65,0.55,0.75,none,2
branch_clean,branch,heu_high_commit,heu_like,faithful,within_useful_manifold,420,280,26,60;60,1.0,1.0,0.0,1.0,1.0,0.0,1.0,0.548015,0.857143,0.857143,3,0.75,0.0,0.0,0.8,0.35,0.02,0.8,0.55,0.75,none,2
branch_clean,branch,heu_low_commit,heu_like,degraded,overcapture_degradation,420,280,27,60;60,1.0,1.333333,0.333333,1.0,1.0,0.0,1.0,0.5537,0.857143,0.857143,3,0.75,0.0,0.0,0.8,0.35,0.02,0.5,0.55,0.75,none,2
branch_clean,branch,hysteresis_default,hysteresis,faithful,within_useful_manifold,420,280,26,60;60,1.0,1.0,0.0,1.0,1.0,0.0,1.0,0.549473,0.857143,0.857143,3,0.75,0.0,0.0,0.8,0.35,0.02,0.65,0.55,0.75,none,2
branch_clean,branch,hysteresis_tight,hysteresis,faithful,within_useful_manifold,420,280,27,60;60,1.0,1.0,0.0,1.0,1.0,0.0,1.0,0.55256,0.857143,0.857143,3,0.75,0.0,0.0,0.8,0.35,0.02,0.65,0.85,0.75,none,2
branch_clean,branch,hysteresis_loose,hysteresis,faithful,within_useful_manifold,420,280,27,60;60,1.0,1.0,0.0,1.0,1.0,0.0,1.0,0.550446,0.857143,0.857143,3,0.75,0.0,0.0,0.8,0.35,0.02,0.65,0.35,0.75,none,2
branch_clean,branch,hysteresis_low_threshold,hysteresis,faithful,within_useful_manifold,420,280,26,60;60,1.0,1.0,0.0,1.0,1.0,0.0,1.0,0.552889,0.857143,0.857143,3,0.6,0.0,0.0,0.8,0.35,0.02,0.65,0.55,0.75,none,2
branch_clean,branch,hysteresis_high_threshold,hysteresis,faithful,within_useful_manifold,420,280,24,60;60,1.0,1.007323,0.007323,1.0,1.0,0.0,1.0,0.553124,0.857143,0.857143,3,0.9,0.0,0.0,0.8,0.35,0.02,0.65,0.55,0.75,none,2
branch_clean,branch,hybrid_default,hybrid_state_window,degraded,coverage_degradation,420,280,26,60;60,1.0,0.777778,0.0,1.0,1.0,0.0,1.0,0.551224,0.857143,0.857143,3,0.75,0.0,0.0,0.8,0.35,0.02,0.65,0.55,0.75,none,2
branch_clean,branch,hybrid_strict_local,hybrid_state_window,failed,undercapture,420,280,27,60;60,1.0,0.556349,0.0,1.0,1.0,0.0,1.0,0.550161,0.857143,0.857143,3,0.75,0.0,0.0,0.8,0.35,0.02,0.65,0.55,0.95,none,2
branch_clean,branch,hybrid_loose_local,hybrid_state_window,degraded,coverage_degradation,420,280,27,60;60,1.0,0.777778,0.0,1.0,1.0,0.0,1.0,0.549455,0.857143,0.857143,3,0.75,0.0,0.0,0.8,0.35,0.02,0.65,0.55,0.55,none,2
branch_clean,branch,hybrid_fast_decay,hybrid_state_window,degraded,coverage_degradation,420,280,25,60;60,1.0,0.777778,0.0,1.0,1.0,0.0,1.0,0.552451,0.857143,0.857143,3,0.75,0.0,0.0,0.8,0.6,0.05,0.65,0.55,0.75,none,2
branch_clean,branch,hybrid_high_commit,hybrid_state_window,degraded,coverage_degradation,420,280,30,60;60,1.0,0.777778,0.0,1.0,1.0,0.0,1.0,0.551833,0.857143,0.857143,3,0.75,0.0,0.0,0.8,0.35,0.02,0.8,0.55,0.75,none,2
branch_clean,branch,union_default,union_state_window,faithful,within_useful_manifold,420,280,27,60;60,1.0,1.0,0.0,1.0,1.0,0.0,1.0,0.555333,0.857143,0.857143,3,0.75,0.0,0.0,0.8,0.35,0.02,0.65,0.55,0.75,none,2
branch_clean,branch,union_fast_decay,union_state_window,faithful,within_useful_manifold,420,280,28,60;60,1.0,1.0,0.0,1.0,1.0,0.0,1.0,0.550205,0.857143,0.857143,3,0.75,0.0,0.0,0.8,0.6,0.05,0.65,0.55,0.75,none,2
branch_clean,branch,union_high_commit,union_state_window,faithful,within_useful_manifold,420,280,28,60;60,1.0,1.0,0.0,1.0,1.0,0.0,1.0,0.542303,0.857143,0.857143,3,0.75,0.0,0.0,0.8,0.35,0.02,0.8,0.55,0.75,none,2
branch_clean,branch,union_low_threshold,union_state_window,failed,overcapture,419,279,24,60;60,1.0,1.554762,0.554762,1.0,1.0,0.0,1.0,0.553922,0.863309,0.857143,3,0.6,0.0,0.0,0.8,0.35,0.02,0.65,0.55,0.75,none,2
branch_clean,branch,union_top_intensity_pair,union_state_window,faithful,within_useful_manifold,420,280,25,60;60,1.0,1.0,0.0,1.0,1.0,0.0,1.0,0.55354,0.857143,0.857143,3,0.75,0.0,0.0,0.8,0.35,0.02,0.65,0.55,0.75,top_intensity_pair,2
branch_clean,branch,union_frequent_subset_pair,union_state_window,faithful,within_useful_manifold,420,280,26,60;60,1.0,1.0,0.0,1.0,1.0,0.0,1.0,0.552687,0.857143,0.857143,3,0.75,0.0,0.0,0.8,0.35,0.02,0.65,0.55,0.75,frequent_subset_pair,2
branch_clean,branch,union_consensus_pair,union_state_window,faithful,within_useful_manifold,420,280,30,60;60,1.0,1.0,0.0,1.0,1.0,0.0,1.0,0.548316,0.857143,0.857143,3,0.75,0.0,0.0,0.8,0.35,0.02,0.65,0.55,0.75,consensus_pair,2
branch_clean,branch,union_consensus_fast_decay,union_state_window,faithful,within_useful_manifold,420,280,25,60;60,1.0,1.0,0.0,1.0,1.0,0.0,1.0,0.550587,0.857143,0.857143,3,0.75,0.0,0.0,0.8,0.6,0.05,0.65,0.55,0.75,consensus_pair,2
branch_clean,branch,sliding_low_consensus_pair,sliding_window,failed,overcapture,418,278,25,60;60,1.0,1.554762,0.554762,1.0,1.0,0.0,1.0,0.553261,0.869565,0.857143,3,0.6,0.0,0.0,0.8,0.35,0.02,0.65,0.55,0.75,consensus_pair,2
branch_clean,branch,hybrid_fast_consensus_pair,hybrid_state_window,degraded,coverage_degradation,420,280,27,60;60,1.0,0.777778,0.0,1.0,1.0,0.0,1.0,0.544417,0.857143,0.857143,3,0.75,0.0,0.0,0.8,0.6,0.05,0.65,0.55,0.75,consensus_pair,2
branch_dropout,branch,sliding_window_default,sliding_window,failed,coverage_degradation;motif_loss,307,170,24,17;28,0.283333,0.769745,0.0,1.0,1.0,0.0,1.0,0.517355,0.865385,0.854015,3,0.75,0.05,0.0,0.8,0.35,0.02,0.65,0.55,0.75,none,2
branch_dropout,branch,sliding_window_short,sliding_window,degraded,coverage_degradation;motif_degradation,374,234,29,42;44,0.7,0.879731,0.0,1.0,0.972222,0.0,1.0,0.533804,0.877551,0.857143,2,0.75,0.05,0.0,0.8,0.35,0.02,0.65,0.55,0.75,none,2
branch_dropout,branch,sliding_window_long,sliding_window,failed,undercapture;motif_loss,140,46,20,3;3,0.05,0.526886,0.0,1.0,0.583333,0.0,1.0,0.419766,0.857143,0.882979,4,0.75,0.05,0.0,0.8,0.35,0.02,0.65,0.55,0.75,none,2
branch_dropout,branch,sliding_window_low_threshold,sliding_window,failed,overcapture;motif_degradation,409,269,31,56;55,0.916667,1.505863,0.505863,1.0,0.9875,0.0,1.0,0.547734,0.860465,0.842857,3,0.6,0.05,0.0,0.8,0.35,0.02,0.65,0.55,0.75,none,2
branch_dropout,branch,sliding_window_high_threshold,sliding_window,failed,coverage_degradation;motif_loss,312,172,27,22;24,0.366667,0.805508,0.0,1.0,0.854545,0.0,1.0,0.498391,0.851852,0.857143,3,0.9,0.05,0.0,0.8,0.35,0.02,0.65,0.55,0.75,none,2
branch_dropout,branch,heu_default,heu_like,degraded,motif_degradation,454,314,41,56;54,0.9,0.952103,0.0,0.957447,0.966292,0.022472,0.934975,0.533784,0.862069,0.835714,3,0.75,0.05,0.0,0.8,0.35,0.02,0.65,0.55,0.75,none,2
branch_dropout,branch,heu_fast_decay,heu_like,degraded,motif_degradation;history_prediction_degradation,453,313,38,56;55,0.916667,0.95735,0.0,0.851852,0.90625,0.072917,0.778935,0.537761,0.861272,0.835714,3,0.75,0.05,0.0,0.8,0.6,0.05,0.65,0.55,0.75,none,2
branch_dropout,branch,heu_slow_decay,heu_like,failed,overcapture,420,280,29,59;59,0.983333,1.674477,0.674477,0.97619,0.988095,0.0,0.97619,0.547193,0.842857,0.842857,3,0.75,0.05,0.0,0.8,0.15,0.0,0.65,0.55,0.75,none,2
branch_dropout,branch,heu_high_commit,heu_like,degraded,motif_degradation;history_prediction_degradation,452,312,40,55;55,0.916667,0.954678,0.0,0.867925,0.926316,0.063158,0.804767,0.533282,0.866279,0.85,3,0.75,0.05,0.0,0.8,0.35,0.02,0.8,0.55,0.75,none,2
branch_dropout,branch,heu_low_commit,heu_like,degraded,overcapture_degradation,420,280,28,60;60,1.0,1.329983,0.329983,1.0,1.0,0.0,1.0,0.53758,0.857143,0.857143,3,0.75,0.05,0.0,0.8,0.35,0.02,0.5,0.55,0.75,none,2
branch_dropout,branch,hysteresis_default,hysteresis,degraded,coverage_degradation;motif_degradation;history_prediction_degradation,457,317,40,54;48,0.8,0.945561,0.0,0.854545,0.907216,0.051546,0.802999,0.532697,0.864407,0.821429,3,0.75,0.05,0.0,0.8,0.35,0.02,0.65,0.55,0.75,none,2
branch_dropout,branch,hysteresis_tight,hysteresis,degraded,coverage_degradation;motif_degradation;history_prediction_degradation,460,320,40,53;54,0.883333,0.936152,0.0,0.867925,0.915789,0.052632,0.815293,0.537756,0.877778,0.842857,3,0.75,0.05,0.0,0.8,0.35,0.02,0.65,0.85,0.75,none,2
branch_dropout,branch,hysteresis_loose,hysteresis,degraded,motif_degradation;history_prediction_degradation,452,312,38,53;56,0.883333,0.952023,0.0,0.862069,0.9,0.05,0.812069,0.538715,0.866279,0.842857,3,0.75,0.05,0.0,0.8,0.35,0.02,0.65,0.35,0.75,none,2
branch_dropout,branch,hysteresis_low_threshold,hysteresis,degraded,motif_degradation;history_prediction_degradation,453,313,38,55;55,0.916667,0.952975,0.0,0.884615,0.914894,0.031915,0.8527,0.539262,0.872832,0.835714,3,0.6,0.05,0.0,0.8,0.35,0.02,0.65,0.55,0.75,none,2
branch_dropout,branch,hysteresis_high_threshold,hysteresis,degraded,coverage_degradation;motif_degradation;history_prediction_degradation,452,312,41,55;56,0.916667,0.948268,0.0,0.938776,0.934066,0.054945,0.88383,0.526254,0.843023,0.842857,3,0.9,0.05,0.0,0.8,0.35,0.02,0.65,0.55,0.75,none,2
branch_dropout,branch,hybrid_default,hybrid_state_window,degraded,coverage_degradation;motif_degradation,420,280,31,55;54,0.9,0.712317,0.0,1.0,0.974684,0.012658,0.987342,0.53899,0.851064,0.828571,3,0.75,0.05,0.0,0.8,0.35,0.02,0.65,0.55,0.75,none,2
branch_dropout,branch,hybrid_strict_local,hybrid_state_window,failed,undercapture;motif_loss,333,193,22,33;27,0.45,0.464376,0.0,1.0,0.842105,0.0,1.0,0.538362,0.895522,0.857143,3,0.75,0.05,0.0,0.8,0.35,0.02,0.65,0.55,0.95,none,2
branch_dropout,branch,hybrid_loose_local,hybrid_state_window,degraded,coverage_degradation;history_prediction_degradation,427,287,30,57;57,0.95,0.715658,0.0,0.895833,0.9,0.088889,0.806944,0.551134,0.870748,0.828571,3,0.75,0.05,0.0,0.8,0.35,0.02,0.65,0.55,0.55,none,2
branch_dropout,branch,hybrid_fast_decay,hybrid_state_window,degraded,coverage_degradation;motif_degradation,422,282,30,56;57,0.933333,0.721162,0.0,0.952381,0.97619,0.02381,0.928571,0.546041,0.859155,0.835714,3,0.75,0.05,0.0,0.8,0.6,0.05,0.65,0.55,0.75,none,2
branch_dropout,branch,hybrid_high_commit,hybrid_state_window,degraded,coverage_degradation;motif_degradation,424,284,30,56;56,0.933333,0.703223,0.0,0.953488,0.941176,0.047059,0.90643,0.53596,0.833333,0.828571,3,0.75,0.05,0.0,0.8,0.35,0.02,0.8,0.55,0.75,none,2
branch_dropout,branch,union_default,union_state_window,faithful,within_useful_manifold,450,310,37,57;59,0.95,0.9525,0.0,0.959184,0.956044,0.043956,0.915228,0.538915,0.852941,0.842857,3,0.75,0.05,0.0,0.8,0.35,0.02,0.65,0.55,0.75,none,2
branch_dropout,branch,union_fast_decay,union_state_window,degraded,coverage_degradation;motif_degradation;history_prediction_degradation,461,321,42,56;52,0.866667,0.942713,0.0,0.892857,0.887755,0.061224,0.831633,0.528514,0.867403,0.828571,3,0.75,0.05,0.0,0.8,0.6,0.05,0.65,0.55,0.75,none,2
branch_dropout,branch,union_high_commit,union_state_window,degraded,motif_degradation,445,305,42,57;55,0.916667,0.953731,0.0,0.957447,0.955056,0.044944,0.912503,0.530539,0.854545,0.85,3,0.75,0.05,0.0,0.8,0.35,0.02,0.8,0.55,0.75,none,2
branch_dropout,branch,union_low_threshold,union_state_window,failed,overcapture,420,280,28,60;60,1.0,1.519062,0.519062,1.0,1.0,0.0,1.0,0.550857,0.857143,0.857143,3,0.6,0.05,0.0,0.8,0.35,0.02,0.65,0.55,0.75,none,2
branch_dropout,branch,union_top_intensity_pair,union_state_window,degraded,motif_degradation;history_prediction_degradation,448,308,39,57;54,0.9,0.958644,0.0,0.903846,0.914894,0.074468,0.829378,0.532015,0.857143,0.85,3,0.75,0.05,0.0,0.8,0.35,0.02,0.65,0.55,0.75,top_intensity_pair,2
branch_dropout,branch,union_frequent_subset_pair,union_state_window,degraded,motif_degradation;history_prediction_degradation,460,320,39,55;53,0.883333,0.954319,0.0,0.833333,0.872549,0.088235,0.745098,0.54272,0.883333,0.842857,3,0.75,0.05,0.0,0.8,0.35,0.02,0.65,0.55,0.75,frequent_subset_pair,2
branch_dropout,branch,union_consensus_pair,union_state_window,degraded,motif_degradation;history_prediction_degradation,456,316,39,53;55,0.883333,0.952936,0.0,0.886792,0.915789,0.031579,0.855214,0.541896,0.869318,0.835714,3,0.75,0.05,0.0,0.8,0.35,0.02,0.65,0.55,0.75,consensus_pair,2
branch_dropout,branch,union_consensus_fast_decay,union_state_window,degraded,coverage_degradation;motif_degradation;history_prediction_degradation,453,313,37,57;53,0.883333,0.948557,0.0,0.901961,0.935484,0.032258,0.869703,0.538886,0.872832,0.828571,3,0.75,0.05,0.0,0.8,0.6,0.05,0.65,0.55,0.75,consensus_pair,2
branch_dropout,branch,sliding_low_consensus_pair,sliding_window,failed,overcapture,419,279,29,60;59,0.983333,1.526338,0.526338,1.0,1.0,0.0,1.0,0.551516,0.856115,0.85,3,0.6,0.05,0.0,0.8,0.35,0.02,0.65,0.55,0.75,consensus_pair,2
branch_dropout,branch,hybrid_fast_consensus_pair,hybrid_state_window,degraded,coverage_degradation;motif_degradation,427,287,30,59;56,0.933333,0.705,0.0,0.955556,0.954023,0.045977,0.909579,0.542831,0.85034,0.85,3,0.75,0.05,0.0,0.8,0.6,0.05,0.65,0.55,0.75,consensus_pair,2
branch_spurious,branch,sliding_window_default,sliding_window,degraded,coverage_degradation,420,280,24,60;60,1.0,0.778395,0.0,1.0,1.0,0.0,1.0,0.55409,0.857143,0.857143,3,0.75,0.0,0.05,0.8,0.35,0.02,0.65,0.55,0.75,none,2
branch_spurious,branch,sliding_window_short,sliding_window,degraded,coverage_degradation;motif_degradation,429,289,27,58;56,0.933333,0.794538,0.0,0.95,0.951807,0.0,0.95,0.519,0.765101,0.8,2,0.75,0.0,0.05,0.8,0.35,0.02,0.65,0.55,0.75,none,2
branch_spurious,branch,sliding_window_long,sliding_window,failed,undercapture;motif_loss,192,70,20,3;2,0.033333,0.540407,0.0,1.0,0.647059,0.0,1.0,0.378057,0.625,0.852459,4,0.75,0.0,0.05,0.8,0.35,0.02,0.65,0.55,0.75,none,2
branch_spurious,branch,sliding_window_low_threshold,sliding_window,degraded,overcapture_degradation;motif_degradation;history_prediction_degradation,469,329,71,44;47,0.733333,1.329212,0.329212,0.878049,0.844444,0.010638,0.86741,0.431772,0.613757,0.635714,3,0.6,0.0,0.05,0.8,0.35,0.02,0.65,0.55,0.75,none,2
branch_spurious,branch,sliding_window_high_threshold,sliding_window,degraded,coverage_degradation,420,280,26,60;60,1.0,0.806916,0.0,1.0,1.0,0.0,1.0,0.54468,0.857143,0.857143,3,0.9,0.0,0.05,0.8,0.35,0.02,0.65,0.55,0.75,none,2
branch_spurious,branch,heu_default,heu_like,failed,coverage_degradation;motif_loss;history_prediction_failure,861,721,217,12;12,0.2,0.934533,0.0,0.295238,0.389744,0.0,0.295238,0.242121,0.378657,0.05,3,0.75,0.0,0.05,0.8,0.35,0.02,0.65,0.55,0.75,none,2
branch_spurious,branch,heu_fast_decay,heu_like,failed,coverage_degradation;motif_loss;history_prediction_failure,860,720,229,15;10,0.166667,0.929074,0.0,0.343434,0.38172,0.010101,0.333333,0.209563,0.303448,0.078571,3,0.75,0.0,0.05,0.8,0.6,0.05,0.65,0.55,0.75,none,2
branch_spurious,branch,heu_slow_decay,heu_like,failed,overcapture;motif_loss;history_prediction_failure,1084,944,292,0;2,0.0,1.714375,0.714375,0.148649,0.295455,0.0,0.148649,0.193562,0.28607,0.014286,3,0.75,0.0,0.05,0.8,0.15,0.0,0.65,0.55,0.75,none,2
branch_spurious,branch,heu_high_commit,heu_like,failed,coverage_degradation;motif_loss;history_prediction_failure,855,715,234,8;13,0.133333,0.926837,0.0,0.35,0.413265,0.0,0.35,0.233103,0.36,0.035714,3,0.75,0.0,0.05,0.8,0.35,0.02,0.8,0.55,0.75,none,2
branch_spurious,branch,heu_low_commit,heu_like,failed,overcapture_degradation;motif_loss;history_prediction_failure,1021,881,273,3;2,0.033333,1.379471,0.379471,0.211679,0.238095,0.0,0.211679,0.169362,0.241565,0.0,3,0.75,0.0,0.05,0.8,0.35,0.02,0.5,0.55,0.75,none,2
branch_spurious,branch,hysteresis_default,hysteresis,failed,coverage_degradation;motif_loss;history_prediction_failure,859,719,235,6;12,0.1,0.936316,0.0,0.303571,0.355,0.0,0.303571,0.235002,0.376511,0.057143,3,0.75,0.0,0.05,0.8,0.35,0.02,0.65,0.55,0.75,none,2
branch_spurious,branch,hysteresis_tight,hysteresis,failed,coverage_degradation;motif_loss;history_prediction_failure,847,707,216,14;8,0.133333,0.926935,0.0,0.298246,0.433673,0.0,0.298246,0.23864,0.366843,0.107143,3,0.75,0.0,0.05,0.8,0.35,0.02,0.65,0.85,0.75,none,2
branch_spurious,branch,hysteresis_loose,hysteresis,failed,coverage_degradation;motif_loss;history_prediction_failure,875,735,246,11;6,0.1,0.927744,0.0,0.280702,0.405,0.0,0.280702,0.206919,0.319328,0.042857,3,0.75,0.0,0.05,0.8,0.35,0.02,0.65,0.35,0.75,none,2
branch_spurious,branch,hysteresis_low_threshold,hysteresis,failed,coverage_degradation;motif_loss;history_prediction_failure,847,707,235,14;9,0.15,0.929726,0.0,0.293651,0.401961,0.0,0.293651,0.239164,0.377425,0.05,3,0.6,0.0,0.05,0.8,0.35,0.02,0.65,0.55,0.75,none,2
branch_spurious,branch,hysteresis_high_threshold,hysteresis,failed,coverage_degradation;motif_loss;history_prediction_failure,851,711,227,9;10,0.15,0.930013,0.0,0.355372,0.388889,0.004902,0.35047,0.231831,0.366025,0.014286,3,0.9,0.0,0.05,0.8,0.35,0.02,0.65,0.55,0.75,none,2
branch_spurious,branch,hybrid_default,hybrid_state_window,failed,undercapture;motif_degradation;history_prediction_degradation,492,352,58,53;55,0.883333,0.636392,0.0,0.818182,0.89011,0.0,0.818182,0.439698,0.646226,0.707143,3,0.75,0.0,0.05,0.8,0.35,0.02,0.65,0.55,0.75,none,2
branch_spurious,branch,hybrid_strict_local,hybrid_state_window,failed,undercapture;history_prediction_degradation,463,323,46,59;60,0.983333,0.446111,0.0,0.87037,1.0,0.0,0.87037,0.511204,0.814208,0.8,3,0.75,0.0,0.05,0.8,0.35,0.02,0.65,0.55,0.95,none,2
branch_spurious,branch,hybrid_loose_local,hybrid_state_window,failed,undercapture;motif_degradation;history_prediction_degradation,555,415,86,50;51,0.833333,0.636336,0.0,0.802817,0.822034,0.0,0.802817,0.432959,0.68,0.607143,3,0.75,0.0,0.05,0.8,0.35,0.02,0.65,0.55,0.55,none,2
branch_spurious,branch,hybrid_fast_decay,hybrid_state_window,failed,undercapture;motif_degradation;history_prediction_degradation,479,339,51,55;53,0.883333,0.636732,0.0,0.803922,0.924731,0.0,0.803922,0.450442,0.648241,0.657143,3,0.75,0.0,0.05,0.8,0.6,0.05,0.65,0.55,0.75,none,2
branch_spurious,branch,hybrid_high_commit,hybrid_state_window,failed,undercapture;motif_degradation;history_prediction_degradation,488,348,52,55;50,0.833333,0.629664,0.0,0.72549,0.895833,0.0,0.72549,0.428295,0.615385,0.671429,3,0.75,0.0,0.05,0.8,0.35,0.02,0.8,0.55,0.75,none,2
branch_spurious,branch,union_default,union_state_window,failed,overcapture_degradation;motif_loss;history_prediction_failure,791,651,220,7;9,0.116667,1.132011,0.132011,0.229885,0.307692,0.0,0.229885,0.202229,0.305284,0.064286,3,0.75,0.0,0.05,0.8,0.35,0.02,0.65,0.55,0.75,none,2
branch_spurious,branch,union_fast_decay,union_state_window,failed,overcapture_degradation;motif_loss;history_prediction_failure,791,651,213,8;7,0.116667,1.13443,0.13443,0.277778,0.417647,0.0,0.277778,0.209496,0.328767,0.042857,3,0.75,0.0,0.05,0.8,0.6,0.05,0.65,0.55,0.75,none,2
branch_spurious,branch,union_high_commit,union_state_window,failed,overcapture_degradation;motif_loss;history_prediction_failure,766,626,195,8;11,0.133333,1.12035,0.12035,0.391753,0.378049,0.0,0.391753,0.229019,0.355967,0.085714,3,0.75,0.0,0.05,0.8,0.35,0.02,0.8,0.55,0.75,none,2
branch_spurious,branch,union_low_threshold,union_state_window,failed,overcapture;motif_loss;history_prediction_failure,785,645,207,11;10,0.166667,1.624381,0.624381,0.378641,0.37931,0.0,0.378641,0.231103,0.374257,0.107143,3,0.6,0.0,0.05,0.8,0.35,0.02,0.65,0.55,0.75,none,2
branch_spurious,branch,union_top_intensity_pair,union_state_window,failed,coverage_degradation;motif_loss;history_prediction_failure,528,388,95,31;30,0.5,0.843807,0.0,0.666667,0.669725,0.016807,0.64986,0.343044,0.552419,0.6,3,0.75,0.0,0.05,0.8,0.35,0.02,0.65,0.55,0.75,top_intensity_pair,2
branch_spurious,branch,union_frequent_subset_pair,union_state_window,failed,coverage_degradation;motif_loss;history_prediction_failure,551,411,77,41;34,0.566667,0.856265,0.0,0.629032,0.754545,0.061404,0.567629,0.369529,0.549815,0.535714,3,0.75,0.0,0.05,0.8,0.35,0.02,0.65,0.55,0.75,frequent_subset_pair,2
branch_spurious,branch,union_consensus_pair,union_state_window,failed,coverage_degradation;motif_loss;history_prediction_failure,543,403,88,29;46,0.483333,0.859443,0.0,0.65625,0.712963,0.076923,0.579327,0.366915,0.558935,0.578571,3,0.75,0.0,0.05,0.8,0.35,0.02,0.65,0.55,0.75,consensus_pair,2
branch_spurious,branch,union_consensus_fast_decay,union_state_window,failed,coverage_degradation;motif_loss;history_prediction_failure,530,390,82,40;35,0.583333,0.841139,0.0,0.6875,0.729167,0.009615,0.677885,0.362514,0.536,0.578571,3,0.75,0.0,0.05,0.8,0.6,0.05,0.65,0.55,0.75,consensus_pair,2
branch_spurious,branch,sliding_low_consensus_pair,sliding_window,degraded,overcapture_degradation,425,285,28,59;57,0.95,1.233251,0.233251,0.97561,0.97619,0.0,0.97561,0.529132,0.8,0.828571,3,0.6,0.0,0.05,0.8,0.35,0.02,0.65,0.55,0.75,consensus_pair,2
branch_spurious,branch,hybrid_fast_consensus_pair,hybrid_state_window,failed,undercapture;motif_degradation,440,300,34,56;57,0.933333,0.611677,0.0,0.952381,0.953488,0.011364,0.941017,0.497538,0.73125,0.807143,3,0.75,0.0,0.05,0.8,0.6,0.05,0.65,0.55,0.75,consensus_pair,2
branch_window_blur,branch,sliding_window_default,sliding_window,failed,undercapture;motif_loss,184,68,17,4;5,0.066667,0.671429,0.0,1.0,0.75,0.0,1.0,0.502732,1.0,0.87069,4,0.75,0.0,0.0,0.8,0.35,0.02,0.65,0.55,0.75,none,2
branch_window_blur,branch,sliding_window_short,sliding_window,faithful,within_useful_manifold,420,280,27,60;60,1.0,1.0,0.0,1.0,1.0,0.0,1.0,0.555046,0.857143,0.857143,2,0.75,0.0,0.0,0.8,0.35,0.02,0.65,0.55,0.75,none,2
branch_window_blur,branch,sliding_window_long,sliding_window,failed,undercapture;motif_loss,176,60,17,3;4,0.05,0.645238,0.0,1.0,0.882353,0.0,1.0,0.414303,0.777778,0.905172,4,0.75,0.0,0.0,0.8,0.35,0.02,0.65,0.55,0.75,none,2
branch_window_blur,branch,sliding_window_low_threshold,sliding_window,failed,overcapture,420,280,28,60;60,1.0,1.555556,0.555556,1.0,1.0,0.0,1.0,0.551585,0.857143,0.857143,4,0.6,0.0,0.0,0.8,0.35,0.02,0.65,0.55,0.75,none,2
branch_window_blur,branch,sliding_window_high_threshold,sliding_window,failed,no_events_detected;undercapture;motif_loss;history_prediction_failure;no_event_advantage_over_static,0,0,0,0;0,0.0,0.0,0.0,0.0,0.0,0.0,0.0,0.0,0.0,0.0,4,0.9,0.0,0.0,0.8,0.35,0.02,0.65,0.55,0.75,none,2
branch_window_blur,branch,heu_default,heu_like,faithful,within_useful_manifold,420,280,26,60;60,1.0,1.0,0.0,1.0,1.0,0.0,1.0,0.550545,0.857143,0.857143,4,0.75,0.0,0.0,0.8,0.35,0.02,0.65,0.55,0.75,none,2
branch_window_blur,branch,heu_fast_decay,heu_like,faithful,within_useful_manifold,420,280,26,60;60,1.0,1.0,0.0,1.0,1.0,0.0,1.0,0.553701,0.857143,0.857143,4,0.75,0.0,0.0,0.8,0.6,0.05,0.65,0.55,0.75,none,2
branch_window_blur,branch,heu_slow_decay,heu_like,failed,overcapture,422,282,28,58;59,0.966667,1.667857,0.667857,0.976744,0.988235,0.011765,0.964979,0.54719,0.852113,0.85,4,0.75,0.0,0.0,0.8,0.15,0.0,0.65,0.55,0.75,none,2
branch_window_blur,branch,heu_high_commit,heu_like,faithful,within_useful_manifold,420,280,23,60;60,1.0,1.0,0.0,1.0,1.0,0.0,1.0,0.556423,0.857143,0.857143,4,0.75,0.0,0.0,0.8,0.35,0.02,0.8,0.55,0.75,none,2
branch_window_blur,branch,heu_low_commit,heu_like,degraded,overcapture_degradation,420,280,27,60;60,1.0,1.333333,0.333333,1.0,1.0,0.0,1.0,0.552801,0.857143,0.857143,4,0.75,0.0,0.0,0.8,0.35,0.02,0.5,0.55,0.75,none,2
branch_window_blur,branch,hysteresis_default,hysteresis,faithful,within_useful_manifold,420,280,25,60;60,1.0,1.0,0.0,1.0,1.0,0.0,1.0,0.552356,0.857143,0.857143,4,0.75,0.0,0.0,0.8,0.35,0.02,0.65,0.55,0.75,none,2
branch_window_blur,branch,hysteresis_tight,hysteresis,faithful,within_useful_manifold,420,280,26,60;60,1.0,1.0,0.0,1.0,1.0,0.0,1.0,0.550512,0.857143,0.857143,4,0.75,0.0,0.0,0.8,0.35,0.02,0.65,0.85,0.75,none,2
branch_window_blur,branch,hysteresis_loose,hysteresis,faithful,within_useful_manifold,420,280,27,60;60,1.0,1.0,0.0,1.0,1.0,0.0,1.0,0.543525,0.857143,0.857143,4,0.75,0.0,0.0,0.8,0.35,0.02,0.65,0.35,0.75,none,2
branch_window_blur,branch,hysteresis_low_threshold,hysteresis,faithful,within_useful_manifold,420,280,26,60;61,1.0,1.0,0.0,1.0,1.0,0.0,1.0,0.560122,0.864286,0.864286,4,0.6,0.0,0.0,0.8,0.35,0.02,0.65,0.55,0.75,none,2
branch_window_blur,branch,hysteresis_high_threshold,hysteresis,faithful,within_useful_manifold,420,280,26,60;60,1.0,1.008533,0.008533,1.0,1.0,0.0,1.0,0.548824,0.857143,0.857143,4,0.9,0.0,0.0,0.8,0.35,0.02,0.65,0.55,0.75,none,2
branch_window_blur,branch,hybrid_default,hybrid_state_window,failed,undercapture,420,280,27,60;60,1.0,0.555556,0.0,1.0,1.0,0.0,1.0,0.549328,0.857143,0.857143,4,0.75,0.0,0.0,0.8,0.35,0.02,0.65,0.55,0.75,none,2
branch_window_blur,branch,hybrid_strict_local,hybrid_state_window,failed,undercapture;motif_degradation,408,268,30,58;54,0.9,0.546032,0.0,1.0,1.0,0.0,1.0,0.551919,0.875,0.857143,4,0.75,0.0,0.0,0.8,0.35,0.02,0.65,0.55,0.95,none,2
branch_window_blur,branch,hybrid_loose_local,hybrid_state_window,degraded,coverage_degradation,420,280,29,60;60,1.0,0.780159,0.0,1.0,1.0,0.0,1.0,0.552782,0.857143,0.857143,4,0.75,0.0,0.0,0.8,0.35,0.02,0.65,0.55,0.55,none,2
branch_window_blur,branch,hybrid_fast_decay,hybrid_state_window,failed,undercapture,420,280,25,60;60,1.0,0.555556,0.0,1.0,1.0,0.0,1.0,0.550357,0.857143,0.857143,4,0.75,0.0,0.0,0.8,0.6,0.05,0.65,0.55,0.75,none,2
branch_window_blur,branch,hybrid_high_commit,hybrid_state_window,failed,undercapture,420,280,26,60;60,1.0,0.555556,0.0,1.0,1.0,0.0,1.0,0.547604,0.857143,0.857143,4,0.75,0.0,0.0,0.8,0.35,0.02,0.8,0.55,0.75,none,2
branch_window_blur,branch,union_default,union_state_window,degraded,overcapture_degradation,420,280,30,60;60,1.0,1.222222,0.222222,1.0,1.0,0.0,1.0,0.542796,0.857143,0.857143,4,0.75,0.0,0.0,0.8,0.35,0.02,0.65,0.55,0.75,none,2
branch_window_blur,branch,union_fast_decay,union_state_window,degraded,overcapture_degradation,420,280,26,60;60,1.0,1.245238,0.245238,1.0,1.0,0.0,1.0,0.544791,0.857143,0.857143,4,0.75,0.0,0.0,0.8,0.6,0.05,0.65,0.55,0.75,none,2
branch_window_blur,branch,union_high_commit,union_state_window,degraded,overcapture_degradation,420,280,27,60;60,1.0,1.188889,0.188889,1.0,1.0,0.0,1.0,0.54953,0.857143,0.857143,4,0.75,0.0,0.0,0.8,0.35,0.02,0.8,0.55,0.75,none,2
branch_window_blur,branch,union_low_threshold,union_state_window,failed,overcapture,420,280,29,60;60,1.0,1.555556,0.555556,1.0,1.0,0.0,1.0,0.552427,0.857143,0.857143,4,0.6,0.0,0.0,0.8,0.35,0.02,0.65,0.55,0.75,none,2
branch_window_blur,branch,union_top_intensity_pair,union_state_window,degraded,overcapture_degradation,419,279,31,60;60,1.0,1.255556,0.255556,1.0,1.0,0.0,1.0,0.547753,0.863309,0.857143,4,0.75,0.0,0.0,0.8,0.35,0.02,0.65,0.55,0.75,top_intensity_pair,2
branch_window_blur,branch,union_frequent_subset_pair,union_state_window,degraded,overcapture_degradation,419,279,24,60;60,1.0,1.226984,0.226984,1.0,1.0,0.0,1.0,0.55366,0.863309,0.857143,4,0.75,0.0,0.0,0.8,0.35,0.02,0.65,0.55,0.75,frequent_subset_pair,2
branch_window_blur,branch,union_consensus_pair,union_state_window,degraded,overcapture_degradation,420,280,24,60;60,1.0,1.205556,0.205556,1.0,1.0,0.0,1.0,0.556022,0.857143,0.857143,4,0.75,0.0,0.0,0.8,0.35,0.02,0.65,0.55,0.75,consensus_pair,2
branch_window_blur,branch,union_consensus_fast_decay,union_state_window,degraded,overcapture_degradation,420,280,28,60;60,1.0,1.211111,0.211111,1.0,1.0,0.0,1.0,0.549162,0.857143,0.857143,4,0.75,0.0,0.0,0.8,0.6,0.05,0.65,0.55,0.75,consensus_pair,2
branch_window_blur,branch,sliding_low_consensus_pair,sliding_window,failed,overcapture,419,279,27,60;60,1.0,1.555556,0.555556,1.0,1.0,0.0,1.0,0.552057,0.863309,0.857143,4,0.6,0.0,0.0,0.8,0.35,0.02,0.65,0.55,0.75,consensus_pair,2
branch_window_blur,branch,hybrid_fast_consensus_pair,hybrid_state_window,failed,undercapture,420,280,29,60;60,1.0,0.555556,0.0,1.0,1.0,0.0,1.0,0.546026,0.857143,0.857143,4,0.75,0.0,0.0,0.8,0.6,0.05,0.65,0.55,0.75,consensus_pair,2
branch_low_threshold,branch,sliding_window_default,sliding_window,failed,overcapture,417,277,27,60;60,1.0,1.554762,0.554762,1.0,1.0,0.0,1.0,0.564783,0.875912,0.857143,3,0.6,0.0,0.0,0.8,0.35,0.02,0.65,0.55,0.75,none,2
branch_low_threshold,branch,sliding_window_short,sliding_window,faithful,within_useful_manifold,420,280,27,60;60,1.0,1.0,0.0,1.0,1.0,0.0,1.0,0.552682,0.857143,0.857143,2,0.6,0.0,0.0,0.8,0.35,0.02,0.65,0.55,0.75,none,2
branch_low_threshold,branch,sliding_window_long,sliding_window,failed,overcapture,418,278,24,60;60,1.0,1.555556,0.555556,1.0,1.0,0.0,1.0,0.557936,0.869565,0.857143,4,0.6,0.0,0.0,0.8,0.35,0.02,0.65,0.55,0.75,none,2
branch_low_threshold,branch,sliding_window_low_threshold,sliding_window,failed,overcapture,418,278,25,60;60,1.0,1.553175,0.553175,1.0,1.0,0.0,1.0,0.560239,0.869565,0.857143,3,0.6,0.0,0.0,0.8,0.35,0.02,0.65,0.55,0.75,none,2
branch_low_threshold,branch,sliding_window_high_threshold,sliding_window,faithful,within_useful_manifold,420,280,25,60;60,1.0,1.02439,0.02439,1.0,1.0,0.0,1.0,0.547348,0.857143,0.857143,3,0.9,0.0,0.0,0.8,0.35,0.02,0.65,0.55,0.75,none,2
branch_low_threshold,branch,heu_default,heu_like,faithful,within_useful_manifold,420,280,28,60;60,1.0,1.0,0.0,1.0,1.0,0.0,1.0,0.553632,0.857143,0.857143,3,0.6,0.0,0.0,0.8,0.35,0.02,0.65,0.55,0.75,none,2
branch_low_threshold,branch,heu_fast_decay,heu_like,faithful,within_useful_manifold,420,280,28,60;60,1.0,1.0,0.0,1.0,1.0,0.0,1.0,0.54363,0.857143,0.857143,3,0.6,0.0,0.0,0.8,0.6,0.05,0.65,0.55,0.75,none,2
branch_low_threshold,branch,heu_slow_decay,heu_like,failed,overcapture;motif_degradation;history_prediction_degradation,461,321,52,48;42,0.7,1.683333,0.683333,0.843137,0.903226,0.010753,0.832385,0.504287,0.839779,0.857143,3,0.6,0.0,0.0,0.8,0.15,0.0,0.65,0.55,0.75,none,2
branch_low_threshold,branch,heu_high_commit,heu_like,faithful,within_useful_manifold,420,280,28,60;60,1.0,1.0,0.0,1.0,1.0,0.0,1.0,0.547447,0.857143,0.857143,3,0.6,0.0,0.0,0.8,0.35,0.02,0.8,0.55,0.75,none,2
branch_low_threshold,branch,heu_low_commit,heu_like,degraded,overcapture_degradation,420,280,29,60;60,1.0,1.333333,0.333333,1.0,1.0,0.0,1.0,0.547976,0.857143,0.857143,3,0.6,0.0,0.0,0.8,0.35,0.02,0.5,0.55,0.75,none,2
branch_low_threshold,branch,hysteresis_default,hysteresis,faithful,within_useful_manifold,420,280,25,60;60,1.0,1.0,0.0,1.0,1.0,0.0,1.0,0.554452,0.857143,0.857143,3,0.6,0.0,0.0,0.8,0.35,0.02,0.65,0.55,0.75,none,2
branch_low_threshold,branch,hysteresis_tight,hysteresis,faithful,within_useful_manifold,420,280,26,60;60,1.0,1.0,0.0,1.0,1.0,0.0,1.0,0.547025,0.857143,0.857143,3,0.6,0.0,0.0,0.8,0.35,0.02,0.65,0.85,0.75,none,2
branch_low_threshold,branch,hysteresis_loose,hysteresis,faithful,within_useful_manifold,420,280,26,60;60,1.0,1.0,0.0,1.0,1.0,0.0,1.0,0.551269,0.857143,0.857143,3,0.6,0.0,0.0,0.8,0.35,0.02,0.65,0.35,0.75,none,2
branch_low_threshold,branch,hysteresis_low_threshold,hysteresis,faithful,within_useful_manifold,420,280,27,60;60,1.0,1.0,0.0,1.0,1.0,0.0,1.0,0.545812,0.857143,0.857143,3,0.6,0.0,0.0,0.8,0.35,0.02,0.65,0.55,0.75,none,2
branch_low_threshold,branch,hysteresis_high_threshold,hysteresis,faithful,within_useful_manifold,420,280,27,60;60,1.0,1.004052,0.004052,1.0,1.0,0.0,1.0,0.550372,0.857143,0.857143,3,0.9,0.0,0.0,0.8,0.35,0.02,0.65,0.55,0.75,none,2
branch_low_threshold,branch,hybrid_default,hybrid_state_window,degraded,coverage_degradation,420,280,28,60;60,1.0,0.777778,0.0,1.0,1.0,0.0,1.0,0.543417,0.857143,0.857143,3,0.6,0.0,0.0,0.8,0.35,0.02,0.65,0.55,0.75,none,2
branch_low_threshold,branch,hybrid_strict_local,hybrid_state_window,degraded,coverage_degradation,420,280,29,60;60,1.0,0.777778,0.0,1.0,1.0,0.0,1.0,0.544014,0.857143,0.857143,3,0.6,0.0,0.0,0.8,0.35,0.02,0.65,0.55,0.95,none,2
branch_low_threshold,branch,hybrid_loose_local,hybrid_state_window,faithful,within_useful_manifold,420,280,25,60;60,1.0,0.956349,0.0,1.0,1.0,0.0,1.0,0.555248,0.857143,0.857143,3,0.6,0.0,0.0,0.8,0.35,0.02,0.65,0.55,0.55,none,2
branch_low_threshold,branch,hybrid_fast_decay,hybrid_state_window,degraded,coverage_degradation,420,280,25,60;60,1.0,0.777778,0.0,1.0,1.0,0.0,1.0,0.551626,0.857143,0.857143,3,0.6,0.0,0.0,0.8,0.6,0.05,0.65,0.55,0.75,none,2
branch_low_threshold,branch,hybrid_high_commit,hybrid_state_window,degraded,coverage_degradation,420,280,28,60;60,1.0,0.777778,0.0,1.0,1.0,0.0,1.0,0.55263,0.857143,0.857143,3,0.6,0.0,0.0,0.8,0.35,0.02,0.8,0.55,0.75,none,2
branch_low_threshold,branch,union_default,union_state_window,failed,overcapture,420,280,28,60;60,1.0,1.555556,0.555556,1.0,1.0,0.0,1.0,0.550352,0.857143,0.857143,3,0.6,0.0,0.0,0.8,0.35,0.02,0.65,0.55,0.75,none,2
branch_low_threshold,branch,union_fast_decay,union_state_window,failed,overcapture,420,280,27,60;60,1.0,1.555556,0.555556,1.0,1.0,0.0,1.0,0.550963,0.857143,0.857143,3,0.6,0.0,0.0,0.8,0.6,0.05,0.65,0.55,0.75,none,2
branch_low_threshold,branch,union_high_commit,union_state_window,failed,overcapture,420,280,27,60;60,1.0,1.553175,0.553175,1.0,1.0,0.0,1.0,0.548252,0.857143,0.857143,3,0.6,0.0,0.0,0.8,0.35,0.02,0.8,0.55,0.75,none,2
branch_low_threshold,branch,union_low_threshold,union_state_window,failed,overcapture,417,277,26,60;60,1.0,1.555556,0.555556,1.0,1.0,0.0,1.0,0.558022,0.875912,0.857143,3,0.6,0.0,0.0,0.8,0.35,0.02,0.65,0.55,0.75,none,2
branch_low_threshold,branch,union_top_intensity_pair,union_state_window,failed,overcapture,419,279,25,60;60,1.0,1.554762,0.554762,1.0,1.0,0.0,1.0,0.553488,0.863309,0.857143,3,0.6,0.0,0.0,0.8,0.35,0.02,0.65,0.55,0.75,top_intensity_pair,2
branch_low_threshold,branch,union_frequent_subset_pair,union_state_window,failed,overcapture,419,279,26,60;60,1.0,1.555556,0.555556,1.0,1.0,0.0,1.0,0.55215,0.863309,0.857143,3,0.6,0.0,0.0,0.8,0.35,0.02,0.65,0.55,0.75,frequent_subset_pair,2
branch_low_threshold,branch,union_consensus_pair,union_state_window,failed,overcapture,417,277,25,60;60,1.0,1.555556,0.555556,1.0,1.0,0.0,1.0,0.554499,0.875912,0.857143,3,0.6,0.0,0.0,0.8,0.35,0.02,0.65,0.55,0.75,consensus_pair,2
branch_low_threshold,branch,union_consensus_fast_decay,union_state_window,failed,overcapture,419,279,27,60;60,1.0,1.555556,0.555556,1.0,1.0,0.0,1.0,0.556177,0.863309,0.857143,3,0.6,0.0,0.0,0.8,0.6,0.05,0.65,0.55,0.75,consensus_pair,2
branch_low_threshold,branch,sliding_low_consensus_pair,sliding_window,failed,overcapture,420,280,26,60;60,1.0,1.553968,0.553968,1.0,1.0,0.0,1.0,0.553479,0.857143,0.857143,3,0.6,0.0,0.0,0.8,0.35,0.02,0.65,0.55,0.75,consensus_pair,2
branch_low_threshold,branch,hybrid_fast_consensus_pair,hybrid_state_window,degraded,coverage_degradation,420,280,27,60;60,1.0,0.777778,0.0,1.0,1.0,0.0,1.0,0.550428,0.857143,0.857143,3,0.6,0.0,0.0,0.8,0.6,0.05,0.65,0.55,0.75,consensus_pair,2
branch_high_threshold,branch,sliding_window_default,sliding_window,failed,no_events_detected;undercapture;motif_loss;history_prediction_failure;no_event_advantage_over_static,0,0,0,0;0,0.0,0.0,0.0,0.0,0.0,0.0,0.0,0.0,0.0,0.0,3,1.05,0.0,0.0,0.8,0.35,0.02,0.65,0.55,0.75,none,2
branch_high_threshold,branch,sliding_window_short,sliding_window,failed,undercapture;motif_loss;history_prediction_failure;no_event_advantage_over_static,6,0,2,0;0,0.0,0.061381,0.0,0.0,0.0,0.0,0.0,0.013617,0.0,0.666667,2,1.05,0.0,0.0,0.8,0.35,0.02,0.65,0.55,0.75,none,2
branch_high_threshold,branch,sliding_window_long,sliding_window,failed,no_events_detected;undercapture;motif_loss;history_prediction_failure;no_event_advantage_over_static,0,0,0,0;0,0.0,0.0,0.0,0.0,0.0,0.0,0.0,0.0,0.0,0.0,4,1.05,0.0,0.0,0.8,0.35,0.02,0.65,0.55,0.75,none,2
branch_high_threshold,branch,sliding_window_low_threshold,sliding_window,failed,overcapture,419,279,29,60;60,1.0,1.555556,0.555556,1.0,1.0,0.0,1.0,0.552546,0.863309,0.857143,3,0.6,0.0,0.0,0.8,0.35,0.02,0.65,0.55,0.75,none,2
branch_high_threshold,branch,sliding_window_high_threshold,sliding_window,faithful,within_useful_manifold,420,280,27,60;60,1.0,1.023558,0.023558,1.0,1.0,0.0,1.0,0.552629,0.857143,0.857143,3,0.9,0.0,0.0,0.8,0.35,0.02,0.65,0.55,0.75,none,2
branch_high_threshold,branch,heu_default,heu_like,failed,overcapture,420,280,25,60;60,1.0,6.206897,5.206897,1.0,1.0,0.0,1.0,0.548804,0.857143,0.857143,3,1.05,0.0,0.0,0.8,0.35,0.02,0.65,0.55,0.75,none,2
branch_high_threshold,branch,heu_fast_decay,heu_like,failed,overcapture,420,280,26,60;60,1.0,5.929412,4.929412,1.0,1.0,0.0,1.0,0.548369,0.857143,0.857143,3,1.05,0.0,0.0,0.8,0.6,0.05,0.65,0.55,0.75,none,2
branch_high_threshold,branch,heu_slow_decay,heu_like,failed,overcapture,419,279,27,60;60,1.0,10.314496,9.314496,1.0,1.0,0.0,1.0,0.555005,0.863309,0.857143,3,1.05,0.0,0.0,0.8,0.15,0.0,0.65,0.55,0.75,none,2
branch_high_threshold,branch,heu_high_commit,heu_like,failed,overcapture,420,280,24,60;60,1.0,4.358354,3.358354,1.0,1.0,0.0,1.0,0.558873,0.857143,0.857143,3,1.05,0.0,0.0,0.8,0.35,0.02,0.8,0.55,0.75,none,2
branch_high_threshold,branch,heu_low_commit,heu_like,failed,overcapture,420,280,26,60;60,1.0,7.671233,6.671233,1.0,1.0,0.0,1.0,0.552154,0.857143,0.857143,3,1.05,0.0,0.0,0.8,0.35,0.02,0.5,0.55,0.75,none,2
branch_high_threshold,branch,hysteresis_default,hysteresis,failed,undercapture;motif_loss;history_prediction_failure;no_event_advantage_over_static,67,14,10,3;0,0.0,0.568675,0.0,0.0,1.0,0.0,0.0,0.456292,1.0,0.849057,3,1.05,0.0,0.0,0.8,0.35,0.02,0.65,0.55,0.75,none,2
branch_high_threshold,branch,hysteresis_tight,hysteresis,failed,undercapture;motif_loss;history_prediction_failure;no_event_advantage_over_static,68,9,8,0;0,0.0,0.515366,0.0,0.0,0.0,0.0,0.0,0.086669,0.0,0.762712,3,1.05,0.0,0.0,0.8,0.35,0.02,0.65,0.85,0.75,none,2
branch_high_threshold,branch,hysteresis_loose,hysteresis,failed,undercapture;motif_loss;history_prediction_failure;no_event_advantage_over_static,67,16,11,0;0,0.0,0.533333,0.0,0.0,1.0,0.0,0.0,0.084174,0.0,0.803922,3,1.05,0.0,0.0,0.8,0.35,0.02,0.65,0.35,0.75,none,2
branch_high_threshold,branch,hysteresis_low_threshold,hysteresis,faithful,within_useful_manifold,420,280,26,60;60,1.0,1.0,0.0,1.0,1.0,0.0,1.0,0.547578,0.857143,0.857143,3,0.6,0.0,0.0,0.8,0.35,0.02,0.65,0.55,0.75,none,2
branch_high_threshold,branch,hysteresis_high_threshold,hysteresis,faithful,within_useful_manifold,420,280,28,60;60,1.0,1.003263,0.003263,1.0,1.0,0.0,1.0,0.548148,0.857143,0.857143,3,0.9,0.0,0.0,0.8,0.35,0.02,0.65,0.55,0.75,none,2
branch_high_threshold,branch,hybrid_default,hybrid_state_window,failed,overcapture,420,280,26,60;60,1.0,3.368675,2.368675,1.0,1.0,0.0,1.0,0.545165,0.857143,0.857143,3,1.05,0.0,0.0,0.8,0.35,0.02,0.65,0.55,0.75,none,2
branch_high_threshold,branch,hybrid_strict_local,hybrid_state_window,failed,motif_loss;history_prediction_failure;no_event_advantage_over_static,160,49,18,0;0,0.0,1.052369,0.052369,0.0,0.545455,0.181818,-0.181818,0.154803,0.0,0.837838,3,1.05,0.0,0.0,0.8,0.35,0.02,0.65,0.55,0.95,none,2
branch_high_threshold,branch,hybrid_loose_local,hybrid_state_window,failed,overcapture,420,280,26,60;60,1.0,4.617925,3.617925,1.0,1.0,0.0,1.0,0.550565,0.857143,0.857143,3,1.05,0.0,0.0,0.8,0.35,0.02,0.65,0.55,0.55,none,2
branch_high_threshold,branch,hybrid_fast_decay,hybrid_state_window,failed,overcapture,420,280,25,60;60,1.0,3.508772,2.508772,1.0,1.0,0.0,1.0,0.551702,0.857143,0.857143,3,1.05,0.0,0.0,0.8,0.6,0.05,0.65,0.55,0.75,none,2
branch_high_threshold,branch,hybrid_high_commit,hybrid_state_window,failed,overcapture,420,280,26,60;60,1.0,2.981432,1.981432,1.0,1.0,0.0,1.0,0.555549,0.857143,0.857143,3,1.05,0.0,0.0,0.8,0.35,0.02,0.8,0.55,0.75,none,2
branch_high_threshold,branch,union_default,union_state_window,failed,overcapture,420,280,26,60;60,1.0,6.439898,5.439898,1.0,1.0,0.0,1.0,0.551105,0.857143,0.857143,3,1.05,0.0,0.0,0.8,0.35,0.02,0.65,0.55,0.75,none,2
branch_high_threshold,branch,union_fast_decay,union_state_window,failed,overcapture,420,280,28,60;60,1.0,5.943396,4.943396,1.0,1.0,0.0,1.0,0.552267,0.857143,0.857143,3,1.05,0.0,0.0,0.8,0.6,0.05,0.65,0.55,0.75,none,2
branch_high_threshold,branch,union_high_commit,union_state_window,failed,overcapture,420,280,30,60;60,1.0,4.575758,3.575758,1.0,1.0,0.0,1.0,0.546424,0.857143,0.857143,3,1.05,0.0,0.0,0.8,0.35,0.02,0.8,0.55,0.75,none,2
branch_high_threshold,branch,union_low_threshold,union_state_window,failed,overcapture,418,278,28,60;60,1.0,1.553968,0.553968,1.0,1.0,0.0,1.0,0.558696,0.869565,0.857143,3,0.6,0.0,0.0,0.8,0.35,0.02,0.65,0.55,0.75,none,2
branch_high_threshold,branch,union_top_intensity_pair,union_state_window,failed,overcapture,420,280,29,60;60,1.0,5.966825,4.966825,1.0,1.0,0.0,1.0,0.549947,0.857143,0.857143,3,1.05,0.0,0.0,0.8,0.35,0.02,0.65,0.55,0.75,top_intensity_pair,2
branch_high_threshold,branch,union_frequent_subset_pair,union_state_window,failed,overcapture,420,280,25,60;60,1.0,6.347607,5.347607,1.0,1.0,0.0,1.0,0.556854,0.857143,0.857143,3,1.05,0.0,0.0,0.8,0.35,0.02,0.65,0.55,0.75,frequent_subset_pair,2
branch_high_threshold,branch,union_consensus_pair,union_state_window,failed,overcapture,420,280,23,60;60,1.0,6.3,5.3,1.0,1.0,0.0,1.0,0.552647,0.857143,0.857143,3,1.05,0.0,0.0,0.8,0.35,0.02,0.65,0.55,0.75,consensus_pair,2
branch_high_threshold,branch,union_consensus_fast_decay,union_state_window,failed,overcapture,420,280,30,60;60,1.0,6.511628,5.511628,1.0,1.0,0.0,1.0,0.545054,0.857143,0.857143,3,1.05,0.0,0.0,0.8,0.6,0.05,0.65,0.55,0.75,consensus_pair,2
branch_high_threshold,branch,sliding_low_consensus_pair,sliding_window,failed,overcapture,417,277,27,60;60,1.0,1.555556,0.555556,1.0,1.0,0.0,1.0,0.561913,0.875912,0.857143,3,0.6,0.0,0.0,0.8,0.35,0.02,0.65,0.55,0.75,consensus_pair,2
branch_high_threshold,branch,hybrid_fast_consensus_pair,hybrid_state_window,failed,overcapture,420,280,24,60;60,1.0,3.404878,2.404878,1.0,1.0,0.0,1.0,0.554033,0.857143,0.857143,3,1.05,0.0,0.0,0.8,0.6,0.05,0.65,0.55,0.75,consensus_pair,2
overlap_clean,overlap,sliding_window_default,sliding_window,faithful,within_useful_manifold,600,400,32,60;60;60,1.0,1.0,0.0,1.0,1.0,0.0,1.0,0.574838,0.9,0.9,3,0.75,0.0,0.0,0.8,0.35,0.02,0.65,0.55,0.75,none,2
overlap_clean,overlap,sliding_window_short,sliding_window,faithful,within_useful_manifold,600,400,30,60;60;60,1.0,1.0,0.0,1.0,1.0,0.0,1.0,0.572626,0.9,0.9,2,0.75,0.0,0.0,0.8,0.35,0.02,0.65,0.55,0.75,none,2
overlap_clean,overlap,sliding_window_long,sliding_window,failed,undercapture;motif_loss,263,95,18,5;4;3,0.05,0.676111,0.0,1.0,0.678571,0.0,1.0,0.50322,0.923077,0.928571,4,0.75,0.0,0.0,0.8,0.35,0.02,0.65,0.55,0.75,none,2
overlap_clean,overlap,sliding_window_low_threshold,sliding_window,failed,overcapture,598,398,28,60;60;60,1.0,1.555,0.555,1.0,1.0,0.0,1.0,0.58207,0.909091,0.9,3,0.6,0.0,0.0,0.8,0.35,0.02,0.65,0.55,0.75,none,2
overlap_clean,overlap,sliding_window_high_threshold,sliding_window,faithful,within_useful_manifold,600,400,26,60;60;60,1.0,1.024765,0.024765,1.0,1.0,0.0,1.0,0.572148,0.9,0.9,3,0.9,0.0,0.0,0.8,0.35,0.02,0.65,0.55,0.75,none,2
overlap_clean,overlap,heu_default,heu_like,faithful,within_useful_manifold,600,400,31,60;60;60,1.0,1.0,0.0,1.0,1.0,0.0,1.0,0.568263,0.9,0.9,3,0.75,0.0,0.0,0.8,0.35,0.02,0.65,0.55,0.75,none,2
overlap_clean,overlap,heu_fast_decay,heu_like,faithful,within_useful_manifold,600,400,30,60;60;60,1.0,1.0,0.0,1.0,1.0,0.0,1.0,0.5726,0.9,0.9,3,0.75,0.0,0.0,0.8,0.6,0.05,0.65,0.55,0.75,none,2
overlap_clean,overlap,heu_slow_decay,heu_like,failed,overcapture,600,400,35,60;57;60,0.95,1.6675,0.6675,1.0,1.0,0.0,1.0,0.571895,0.900498,0.895,3,0.75,0.0,0.0,0.8,0.15,0.0,0.65,0.55,0.75,none,2
overlap_clean,overlap,heu_high_commit,heu_like,faithful,within_useful_manifold,600,400,26,60;60;60,1.0,1.0,0.0,1.0,1.0,0.0,1.0,0.568258,0.9,0.9,3,0.75,0.0,0.0,0.8,0.35,0.02,0.8,0.55,0.75,none,2
overlap_clean,overlap,heu_low_commit,heu_like,degraded,overcapture_degradation,600,400,27,60;60;60,1.0,1.333333,0.333333,1.0,1.0,0.0,1.0,0.577516,0.9,0.9,3,0.75,0.0,0.0,0.8,0.35,0.02,0.5,0.55,0.75,none,2
overlap_clean,overlap,hysteresis_default,hysteresis,faithful,within_useful_manifold,600,400,30,60;60;60,1.0,1.0,0.0,1.0,1.0,0.0,1.0,0.564126,0.9,0.9,3,0.75,0.0,0.0,0.8,0.35,0.02,0.65,0.55,0.75,none,2
overlap_clean,overlap,hysteresis_tight,hysteresis,faithful,within_useful_manifold,600,400,30,60;60;60,1.0,1.0,0.0,1.0,1.0,0.0,1.0,0.573106,0.9,0.9,3,0.75,0.0,0.0,0.8,0.35,0.02,0.65,0.85,0.75,none,2
overlap_clean,overlap,hysteresis_loose,hysteresis,faithful,within_useful_manifold,600,400,29,60;60;60,1.0,1.0,0.0,1.0,1.0,0.0,1.0,0.577377,0.9,0.9,3,0.75,0.0,0.0,0.8,0.35,0.02,0.65,0.35,0.75,none,2
overlap_clean,overlap,hysteresis_low_threshold,hysteresis,faithful,within_useful_manifold,600,400,27,60;60;60,1.0,1.0,0.0,1.0,1.0,0.0,1.0,0.576119,0.9,0.9,3,0.6,0.0,0.0,0.8,0.35,0.02,0.65,0.55,0.75,none,2
overlap_clean,overlap,hysteresis_high_threshold,hysteresis,faithful,within_useful_manifold,600,400,34,60;60;60,1.0,1.011114,0.011114,1.0,1.0,0.0,1.0,0.572994,0.9,0.9,3,0.9,0.0,0.0,0.8,0.35,0.02,0.65,0.55,0.75,none,2
overlap_clean,overlap,hybrid_default,hybrid_state_window,degraded,coverage_degradation,600,400,32,60;60;60,1.0,0.777778,0.0,1.0,1.0,0.0,1.0,0.573347,0.9,0.9,3,0.75,0.0,0.0,0.8,0.35,0.02,0.65,0.55,0.75,none,2
overlap_clean,overlap,hybrid_strict_local,hybrid_state_window,failed,undercapture,600,400,30,60;60;60,1.0,0.558333,0.0,1.0,1.0,0.0,1.0,0.577456,0.9,0.9,3,0.75,0.0,0.0,0.8,0.35,0.02,0.65,0.55,0.95,none,2
overlap_clean,overlap,hybrid_loose_local,hybrid_state_window,degraded,coverage_degradation,600,400,29,60;60;60,1.0,0.777778,0.0,1.0,1.0,0.0,1.0,0.575231,0.9,0.9,3,0.75,0.0,0.0,0.8,0.35,0.02,0.65,0.55,0.55,none,2
overlap_clean,overlap,hybrid_fast_decay,hybrid_state_window,degraded,coverage_degradation,600,400,28,60;60;60,1.0,0.777778,0.0,1.0,1.0,0.0,1.0,0.57236,0.9,0.9,3,0.75,0.0,0.0,0.8,0.6,0.05,0.65,0.55,0.75,none,2
overlap_clean,overlap,hybrid_high_commit,hybrid_state_window,degraded,coverage_degradation,600,400,30,60;60;60,1.0,0.777778,0.0,1.0,1.0,0.0,1.0,0.573479,0.9,0.9,3,0.75,0.0,0.0,0.8,0.35,0.02,0.8,0.55,0.75,none,2
overlap_clean,overlap,union_default,union_state_window,faithful,within_useful_manifold,600,400,29,60;60;60,1.0,1.0,0.0,1.0,1.0,0.0,1.0,0.574841,0.9,0.9,3,0.75,0.0,0.0,0.8,0.35,0.02,0.65,0.55,0.75,none,2
overlap_clean,overlap,union_fast_decay,union_state_window,faithful,within_useful_manifold,600,400,30,60;60;60,1.0,1.0,0.0,1.0,1.0,0.0,1.0,0.569702,0.9,0.9,3,0.75,0.0,0.0,0.8,0.6,0.05,0.65,0.55,0.75,none,2
overlap_clean,overlap,union_high_commit,union_state_window,faithful,within_useful_manifold,600,400,27,60;60;60,1.0,1.0,0.0,1.0,1.0,0.0,1.0,0.574237,0.9,0.9,3,0.75,0.0,0.0,0.8,0.35,0.02,0.8,0.55,0.75,none,2
overlap_clean,overlap,union_low_threshold,union_state_window,failed,overcapture,599,399,30,60;60;60,1.0,1.555,0.555,1.0,1.0,0.0,1.0,0.577235,0.904523,0.9,3,0.6,0.0,0.0,0.8,0.35,0.02,0.65,0.55,0.75,none,2
overlap_clean,overlap,union_top_intensity_pair,union_state_window,faithful,within_useful_manifold,600,400,32,60;60;60,1.0,1.0,0.0,1.0,1.0,0.0,1.0,0.568449,0.9,0.9,3,0.75,0.0,0.0,0.8,0.35,0.02,0.65,0.55,0.75,top_intensity_pair,2
overlap_clean,overlap,union_frequent_subset_pair,union_state_window,faithful,within_useful_manifold,600,400,31,60;60;60,1.0,1.0,0.0,1.0,1.0,0.0,1.0,0.571034,0.9,0.9,3,0.75,0.0,0.0,0.8,0.35,0.02,0.65,0.55,0.75,frequent_subset_pair,2
overlap_clean,overlap,union_consensus_pair,union_state_window,faithful,within_useful_manifold,600,400,30,60;60;60,1.0,1.0,0.0,1.0,1.0,0.0,1.0,0.567416,0.9,0.9,3,0.75,0.0,0.0,0.8,0.35,0.02,0.65,0.55,0.75,consensus_pair,2
overlap_clean,overlap,union_consensus_fast_decay,union_state_window,faithful,within_useful_manifold,600,400,31,60;60;60,1.0,1.0,0.0,1.0,1.0,0.0,1.0,0.572205,0.9,0.9,3,0.75,0.0,0.0,0.8,0.6,0.05,0.65,0.55,0.75,consensus_pair,2
overlap_clean,overlap,sliding_low_consensus_pair,sliding_window,failed,overcapture,599,399,28,60;60;60,1.0,1.555,0.555,1.0,1.0,0.0,1.0,0.578127,0.904523,0.9,3,0.6,0.0,0.0,0.8,0.35,0.02,0.65,0.55,0.75,consensus_pair,2
overlap_clean,overlap,hybrid_fast_consensus_pair,hybrid_state_window,degraded,coverage_degradation,600,400,29,60;60;60,1.0,0.777778,0.0,1.0,1.0,0.0,1.0,0.57587,0.9,0.9,3,0.75,0.0,0.0,0.8,0.6,0.05,0.65,0.55,0.75,consensus_pair,2
overlap_dropout,overlap,sliding_window_default,sliding_window,failed,coverage_degradation;motif_loss,435,240,25,18;26;19,0.3,0.764723,0.0,1.0,0.857143,0.0,1.0,0.536994,0.9,0.892308,3,0.75,0.05,0.0,0.8,0.35,0.02,0.65,0.55,0.75,none,2
overlap_dropout,overlap,sliding_window_short,sliding_window,failed,coverage_degradation;motif_loss,540,340,31,40;45;44,0.666667,0.891986,0.0,1.0,0.969697,0.0,1.0,0.555102,0.895833,0.885,2,0.75,0.05,0.0,0.8,0.35,0.02,0.65,0.55,0.75,none,2
overlap_dropout,overlap,sliding_window_long,sliding_window,failed,undercapture;motif_loss;history_prediction_failure;no_event_advantage_over_static,189,52,17,0;0;0,0.0,0.504389,0.0,0.0,0.7,0.0,0.0,0.13296,0.0,0.934307,4,0.75,0.05,0.0,0.8,0.35,0.02,0.65,0.55,0.75,none,2
overlap_dropout,overlap,sliding_window_low_threshold,sliding_window,failed,overcapture;motif_degradation,587,387,32,55;57;57,0.916667,1.508659,0.508659,1.0,1.0,0.0,1.0,0.573113,0.903743,0.895,3,0.6,0.05,0.0,0.8,0.35,0.02,0.65,0.55,0.75,none,2
overlap_dropout,overlap,sliding_window_high_threshold,sliding_window,failed,coverage_degradation;motif_loss,451,255,26,24;23;27,0.383333,0.811394,0.0,1.0,0.893333,0.0,1.0,0.524511,0.860465,0.897959,3,0.9,0.05,0.0,0.8,0.35,0.02,0.65,0.55,0.75,none,2
overlap_dropout,overlap,heu_default,heu_like,degraded,coverage_degradation;motif_degradation;history_prediction_degradation,656,456,48,54;52;51,0.85,0.949956,0.0,0.901408,0.923664,0.061069,0.84034,0.558568,0.90625,0.87,3,0.75,0.05,0.0,0.8,0.35,0.02,0.65,0.55,0.75,none,2
overlap_dropout,overlap,heu_fast_decay,heu_like,degraded,coverage_degradation;motif_degradation;history_prediction_degradation,645,445,45,53;54;54,0.883333,0.948417,0.0,0.846154,0.884058,0.065217,0.780936,0.55987,0.906122,0.885,3,0.75,0.05,0.0,0.8,0.6,0.05,0.65,0.55,0.75,none,2
overlap_dropout,overlap,heu_slow_decay,heu_like,failed,overcapture,603,403,35,59;58;59,0.966667,1.67577,0.67577,1.0,1.0,0.0,1.0,0.567947,0.8867,0.89,3,0.75,0.05,0.0,0.8,0.15,0.0,0.65,0.55,0.75,none,2
overlap_dropout,overlap,heu_high_commit,heu_like,degraded,coverage_degradation;motif_degradation;history_prediction_degradation,648,448,47,56;56;55,0.916667,0.944493,0.0,0.926471,0.960938,0.023438,0.903033,0.558237,0.899194,0.89,3,0.75,0.05,0.0,0.8,0.35,0.02,0.8,0.55,0.75,none,2
overlap_dropout,overlap,heu_low_commit,heu_like,degraded,overcapture_degradation,600,400,29,60;60;60,1.0,1.333333,0.333333,1.0,1.0,0.0,1.0,0.575932,0.9,0.9,3,0.75,0.05,0.0,0.8,0.35,0.02,0.5,0.55,0.75,none,2
overlap_dropout,overlap,hysteresis_default,hysteresis,degraded,coverage_degradation;motif_degradation;history_prediction_degradation,656,456,49,51;51;55,0.85,0.94959,0.0,0.893333,0.925926,0.086957,0.806377,0.555789,0.902344,0.875,3,0.75,0.05,0.0,0.8,0.35,0.02,0.65,0.55,0.75,none,2
overlap_dropout,overlap,hysteresis_tight,hysteresis,degraded,motif_degradation;history_prediction_degradation,641,441,46,56;58;59,0.933333,0.952993,0.0,0.916667,0.931818,0.097015,0.819652,0.552163,0.883817,0.875,3,0.75,0.05,0.0,0.8,0.35,0.02,0.65,0.85,0.75,none,2
overlap_dropout,overlap,hysteresis_loose,hysteresis,degraded,coverage_degradation;motif_degradation;history_prediction_degradation,645,445,50,52;58;56,0.866667,0.9482,0.0,0.868421,0.904412,0.095588,0.772833,0.54926,0.889796,0.87,3,0.75,0.05,0.0,0.8,0.35,0.02,0.65,0.35,0.75,none,2
overlap_dropout,overlap,hysteresis_low_threshold,hysteresis,degraded,coverage_degradation;motif_degradation;history_prediction_degradation,650,450,49,52;57;57,0.866667,0.948785,0.0,0.883117,0.912409,0.087591,0.795526,0.552653,0.892,0.89,3,0.6,0.05,0.0,0.8,0.35,0.02,0.65,0.55,0.75,none,2
overlap_dropout,overlap,hysteresis_high_threshold,hysteresis,degraded,motif_degradation;history_prediction_degradation,628,428,45,54;57;58,0.9,0.95403,0.0,0.887324,0.923664,0.053435,0.833889,0.559432,0.885965,0.87,3,0.9,0.05,0.0,0.8,0.35,0.02,0.65,0.55,0.75,none,2
overlap_dropout,overlap,hybrid_default,hybrid_state_window,degraded,coverage_degradation;motif_degradation;history_prediction_degradation,609,409,31,56;58;57,0.933333,0.70378,0.0,0.919355,0.942623,0.04918,0.870175,0.566523,0.909091,0.88,3,0.75,0.05,0.0,0.8,0.35,0.02,0.65,0.55,0.75,none,2
overlap_dropout,overlap,hybrid_strict_local,hybrid_state_window,failed,undercapture;motif_loss,478,278,31,30;31;27,0.45,0.462256,0.0,0.96,0.857143,0.012987,0.947013,0.531265,0.862745,0.885,3,0.75,0.05,0.0,0.8,0.35,0.02,0.65,0.55,0.95,none,2
overlap_dropout,overlap,hybrid_loose_local,hybrid_state_window,degraded,coverage_degradation;motif_degradation,604,404,35,57;56;59,0.933333,0.709241,0.0,0.984127,0.95122,0.04065,0.943477,0.557193,0.877451,0.88,3,0.75,0.05,0.0,0.8,0.35,0.02,0.65,0.55,0.55,none,2
overlap_dropout,overlap,hybrid_fast_decay,hybrid_state_window,degraded,coverage_degradation;motif_degradation,610,410,36,56;57;59,0.933333,0.715532,0.0,0.969231,0.944,0.048,0.921231,0.568956,0.9,0.88,3,0.75,0.05,0.0,0.8,0.6,0.05,0.65,0.55,0.75,none,2
overlap_dropout,overlap,hybrid_high_commit,hybrid_state_window,degraded,coverage_degradation,606,406,36,58;59;57,0.95,0.712456,0.0,0.968254,0.95935,0.03252,0.935734,0.567361,0.898058,0.89,3,0.75,0.05,0.0,0.8,0.35,0.02,0.8,0.55,0.75,none,2
overlap_dropout,overlap,union_default,union_state_window,degraded,coverage_degradation;motif_degradation;history_prediction_degradation,654,454,49,56;54;52,0.866667,0.948815,0.0,0.893333,0.903704,0.074074,0.819259,0.557718,0.905512,0.87,3,0.75,0.05,0.0,0.8,0.35,0.02,0.65,0.55,0.75,none,2
overlap_dropout,overlap,union_fast_decay,union_state_window,degraded,motif_degradation;history_prediction_degradation,648,448,50,53;56;52,0.866667,0.950963,0.0,0.906667,0.925926,0.074074,0.832593,0.555531,0.907258,0.89,3,0.75,0.05,0.0,0.8,0.6,0.05,0.65,0.55,0.75,none,2
overlap_dropout,overlap,union_high_commit,union_state_window,degraded,coverage_degradation;motif_degradation;history_prediction_degradation,650,450,47,55;53;56,0.883333,0.938534,0.0,0.942029,0.953488,0.054264,0.887765,0.549001,0.896,0.875,3,0.75,0.05,0.0,0.8,0.35,0.02,0.8,0.55,0.75,none,2
overlap_dropout,overlap,union_low_threshold,union_state_window,failed,overcapture,598,398,29,60;60;59,0.983333,1.510216,0.510216,1.0,1.0,0.0,1.0,0.575992,0.90404,0.89,3,0.6,0.05,0.0,0.8,0.35,0.02,0.65,0.55,0.75,none,2
overlap_dropout,overlap,union_top_intensity_pair,union_state_window,degraded,coverage_degradation;motif_degradation;history_prediction_degradation,649,449,46,56;54;55,0.9,0.946319,0.0,0.875,0.924242,0.05303,0.82197,0.562648,0.911647,0.87,3,0.75,0.05,0.0,0.8,0.35,0.02,0.65,0.55,0.75,top_intensity_pair,2
overlap_dropout,overlap,union_frequent_subset_pair,union_state_window,degraded,coverage_degradation;motif_degradation;history_prediction_degradation,650,450,49,52;57;53,0.866667,0.945423,0.0,0.913043,0.953488,0.031008,0.882036,0.558432,0.904,0.885,3,0.75,0.05,0.0,0.8,0.35,0.02,0.65,0.55,0.75,frequent_subset_pair,2
overlap_dropout,overlap,union_consensus_pair,union_state_window,degraded,coverage_degradation;motif_degradation;history_prediction_degradation,646,446,46,55;58;58,0.916667,0.946659,0.0,0.905405,0.947761,0.089552,0.815853,0.555173,0.906504,0.895,3,0.75,0.05,0.0,0.8,0.35,0.02,0.65,0.55,0.75,consensus_pair,2
overlap_dropout,overlap,union_consensus_fast_decay,union_state_window,degraded,motif_degradation;history_prediction_degradation,643,443,46,57;56;54,0.9,0.958261,0.0,0.906667,0.933333,0.074074,0.832593,0.553871,0.888889,0.865,3,0.75,0.05,0.0,0.8,0.6,0.05,0.65,0.55,0.75,consensus_pair,2
overlap_dropout,overlap,sliding_low_consensus_pair,sliding_window,failed,overcapture;motif_degradation,588,388,32,57;58;54,0.9,1.502072,0.502072,1.0,0.973684,0.0,1.0,0.564512,0.898936,0.89,3,0.6,0.05,0.0,0.8,0.35,0.02,0.65,0.55,0.75,consensus_pair,2
overlap_dropout,overlap,hybrid_fast_consensus_pair,hybrid_state_window,degraded,coverage_degradation;motif_degradation;history_prediction_degradation,598,398,35,50;54;60,0.833333,0.702084,0.0,0.947368,0.940171,0.042735,0.904633,0.561425,0.888889,0.89,3,0.75,0.05,0.0,0.8,0.6,0.05,0.65,0.55,0.75,consensus_pair,2
overlap_spurious,overlap,sliding_window_default,sliding_window,degraded,coverage_degradation,600,400,29,60;60;59,0.983333,0.779123,0.0,1.0,1.0,0.0,1.0,0.572513,0.895,0.895,3,0.75,0.0,0.05,0.8,0.35,0.02,0.65,0.55,0.75,none,2
overlap_spurious,overlap,sliding_window_short,sliding_window,degraded,coverage_degradation;motif_degradation,621,421,42,55;55;56,0.916667,0.795606,0.0,0.982456,0.950413,0.01626,0.966196,0.529126,0.769231,0.815,2,0.75,0.0,0.05,0.8,0.35,0.02,0.65,0.55,0.75,none,2
overlap_spurious,overlap,sliding_window_long,sliding_window,failed,undercapture;motif_loss,256,91,21,3;5;4,0.05,0.506846,0.0,1.0,0.64,0.0,1.0,0.441469,0.75,0.915152,4,0.75,0.0,0.05,0.8,0.35,0.02,0.65,0.55,0.75,none,2
overlap_spurious,overlap,sliding_window_low_threshold,sliding_window,degraded,overcapture_degradation;motif_degradation;history_prediction_degradation,654,454,73,49;50;51,0.816667,1.299675,0.299675,0.784615,0.88189,0.0,0.784615,0.470196,0.661417,0.7,3,0.6,0.0,0.05,0.8,0.35,0.02,0.65,0.55,0.75,none,2
overlap_spurious,overlap,sliding_window_high_threshold,sliding_window,degraded,coverage_degradation,600,400,30,60;60;59,0.983333,0.793794,0.0,1.0,1.0,0.0,1.0,0.570582,0.895,0.895,3,0.9,0.0,0.05,0.8,0.35,0.02,0.65,0.55,0.75,none,2
overlap_spurious,overlap,heu_default,heu_like,failed,coverage_degradation;motif_loss;history_prediction_failure,1218,1018,300,9;10;11,0.15,0.928849,0.0,0.300578,0.405797,0.0,0.300578,0.260204,0.399756,0.06,3,0.75,0.0,0.05,0.8,0.35,0.02,0.65,0.55,0.75,none,2
overlap_spurious,overlap,heu_fast_decay,heu_like,failed,coverage_degradation;motif_loss;history_prediction_failure,1207,1007,292,12;11;9,0.15,0.932709,0.0,0.331288,0.387681,0.0,0.331288,0.247002,0.359356,0.045,3,0.75,0.0,0.05,0.8,0.6,0.05,0.65,0.55,0.75,none,2
overlap_spurious,overlap,heu_slow_decay,heu_like,failed,overcapture;motif_loss;history_prediction_failure,1560,1360,447,5;3;2,0.033333,1.718049,0.718049,0.2125,0.342105,0.0,0.2125,0.21933,0.344828,0.01,3,0.75,0.0,0.05,0.8,0.15,0.0,0.65,0.55,0.75,none,2
overlap_spurious,overlap,heu_high_commit,heu_like,failed,coverage_degradation;motif_loss;history_prediction_failure,1212,1012,296,7;8;14,0.116667,0.929236,0.0,0.3125,0.419476,0.0,0.3125,0.244885,0.358374,0.05,3,0.75,0.0,0.05,0.8,0.35,0.02,0.8,0.55,0.75,none,2
overlap_spurious,overlap,heu_low_commit,heu_like,failed,overcapture_degradation;motif_loss;history_prediction_failure,1473,1273,369,4;2;6,0.033333,1.387132,0.387132,0.205556,0.261398,0.0,0.205556,0.177689,0.245107,0.01,3,0.75,0.0,0.05,0.8,0.35,0.02,0.5,0.55,0.75,none,2
overlap_spurious,overlap,hysteresis_default,hysteresis,failed,coverage_degradation;motif_loss;history_prediction_failure,1213,1013,309,9;11;14,0.15,0.931655,0.0,0.291667,0.351536,0.0,0.291667,0.251603,0.373924,0.045,3,0.75,0.0,0.05,0.8,0.35,0.02,0.65,0.55,0.75,none,2
overlap_spurious,overlap,hysteresis_tight,hysteresis,failed,coverage_degradation;motif_loss;history_prediction_failure,1198,998,295,9;9;9,0.15,0.92359,0.0,0.229508,0.35689,0.0,0.229508,0.238603,0.345865,0.1,3,0.75,0.0,0.05,0.8,0.35,0.02,0.65,0.85,0.75,none,2
overlap_spurious,overlap,hysteresis_loose,hysteresis,failed,coverage_degradation;motif_loss;history_prediction_failure,1258,1058,320,9;8;7,0.116667,0.926298,0.0,0.305556,0.447552,0.006689,0.298867,0.263711,0.407925,0.025,3,0.75,0.0,0.05,0.8,0.35,0.02,0.65,0.35,0.75,none,2
overlap_spurious,overlap,hysteresis_low_threshold,hysteresis,failed,coverage_degradation;motif_loss;history_prediction_failure,1217,1017,305,11;2;15,0.033333,0.931447,0.0,0.322034,0.454874,0.0,0.322034,0.256022,0.383109,0.075,3,0.6,0.0,0.05,0.8,0.35,0.02,0.65,0.55,0.75,none,2
overlap_spurious,overlap,hysteresis_high_threshold,hysteresis,failed,coverage_degradation;motif_loss;history_prediction_failure,1224,1024,313,8;13;11,0.133333,0.933642,0.0,0.323529,0.369176,0.0,0.323529,0.266061,0.413835,0.02,3,0.9,0.0,0.05,0.8,0.35,0.02,0.65,0.55,0.75,none,2
overlap_spurious,overlap,hybrid_default,hybrid_state_window,failed,undercapture;motif_degradation;history_prediction_degradation,683,483,82,52;53;49,0.816667,0.629766,0.0,0.815789,0.876812,0.0,0.815789,0.468716,0.69258,0.7,3,0.75,0.0,0.05,0.8,0.35,0.02,0.65,0.55,0.75,none,2
overlap_spurious,overlap,hybrid_strict_local,hybrid_state_window,failed,undercapture;history_prediction_degradation,660,460,57,59;60;58,0.966667,0.448372,0.0,0.835443,0.985185,0.0,0.835443,0.533947,0.85,0.85,3,0.75,0.0,0.05,0.8,0.35,0.02,0.65,0.55,0.95,none,2
overlap_spurious,overlap,hybrid_loose_local,hybrid_state_window,failed,undercapture;motif_degradation;history_prediction_degradation,774,574,101,56;52;53,0.866667,0.639845,0.0,0.71028,0.794286,0.005495,0.704786,0.476328,0.759358,0.66,3,0.75,0.0,0.05,0.8,0.35,0.02,0.65,0.55,0.55,none,2
overlap_spurious,overlap,hybrid_fast_decay,hybrid_state_window,failed,undercapture;motif_degradation;history_prediction_degradation,691,491,76,51;51;54,0.85,0.623502,0.0,0.824324,0.913043,0.0,0.824324,0.468965,0.683849,0.705,3,0.75,0.0,0.05,0.8,0.6,0.05,0.65,0.55,0.75,none,2
overlap_spurious,overlap,hybrid_high_commit,hybrid_state_window,failed,undercapture;motif_degradation;history_prediction_degradation,687,487,74,55;50;50,0.833333,0.624249,0.0,0.764706,0.908397,0.007042,0.757664,0.464071,0.672474,0.715,3,0.75,0.0,0.05,0.8,0.35,0.02,0.8,0.55,0.75,none,2
overlap_spurious,overlap,union_default,union_state_window,failed,overcapture_degradation;motif_loss;history_prediction_failure,1095,895,280,12;10;9,0.15,1.127313,0.127313,0.272109,0.285714,0.003731,0.268378,0.246045,0.376978,0.09,3,0.75,0.0,0.05,0.8,0.35,0.02,0.65,0.55,0.75,none,2
overlap_spurious,overlap,union_fast_decay,union_state_window,failed,overcapture_degradation;motif_loss;history_prediction_failure,1159,959,266,8;8;8,0.133333,1.141362,0.141362,0.215686,0.302326,0.00361,0.212076,0.209345,0.279315,0.06,3,0.75,0.0,0.05,0.8,0.6,0.05,0.65,0.55,0.75,none,2
overlap_spurious,overlap,union_high_commit,union_state_window,failed,overcapture_degradation;motif_loss;history_prediction_failure,1139,939,277,5;8;8,0.083333,1.133925,0.133925,0.221429,0.294355,0.003861,0.217568,0.223741,0.324763,0.06,3,0.75,0.0,0.05,0.8,0.35,0.02,0.8,0.55,0.75,none,2
overlap_spurious,overlap,union_low_threshold,union_state_window,failed,overcapture;motif_loss;history_prediction_failure,1118,918,273,14;11;10,0.166667,1.602092,0.602092,0.313253,0.388889,0.0,0.313253,0.27371,0.44429,0.065,3,0.6,0.0,0.05,0.8,0.35,0.02,0.65,0.55,0.75,none,2
overlap_spurious,overlap,union_top_intensity_pair,union_state_window,failed,coverage_degradation;motif_loss;history_prediction_failure,747,547,136,34;36;33,0.55,0.847553,0.0,0.52809,0.690323,0.018293,0.509797,0.371873,0.590778,0.575,3,0.75,0.0,0.05,0.8,0.35,0.02,0.65,0.55,0.75,top_intensity_pair,2
overlap_spurious,overlap,union_frequent_subset_pair,union_state_window,failed,coverage_degradation;motif_loss;history_prediction_failure,752,552,96,36;41;43,0.6,0.84569,0.0,0.638554,0.707483,0.019481,0.619074,0.420386,0.636364,0.66,3,0.75,0.0,0.05,0.8,0.35,0.02,0.65,0.55,0.75,frequent_subset_pair,2
overlap_spurious,overlap,union_consensus_pair,union_state_window,failed,coverage_degradation;motif_loss;history_prediction_failure,731,531,93,41;43;38,0.633333,0.838235,0.0,0.604938,0.707483,0.0375,0.567438,0.419975,0.616314,0.625,3,0.75,0.0,0.05,0.8,0.35,0.02,0.65,0.55,0.75,consensus_pair,2
overlap_spurious,overlap,union_consensus_fast_decay,union_state_window,failed,coverage_degradation;motif_loss;history_prediction_failure,762,562,107,37;40;36,0.6,0.850237,0.0,0.642105,0.632911,0.047059,0.595046,0.401169,0.610497,0.59,3,0.75,0.0,0.05,0.8,0.6,0.05,0.65,0.55,0.75,consensus_pair,2
overlap_spurious,overlap,sliding_low_consensus_pair,sliding_window,degraded,overcapture_degradation;motif_degradation;history_prediction_degradation,617,417,35,56;58;55,0.916667,1.24195,0.24195,0.949153,0.958333,0.0,0.949153,0.525212,0.778802,0.84,3,0.6,0.0,0.05,0.8,0.35,0.02,0.65,0.55,0.75,consensus_pair,2
overlap_spurious,overlap,hybrid_fast_consensus_pair,hybrid_state_window,failed,undercapture;motif_degradation,617,417,36,56;57;59,0.933333,0.602004,0.0,1.0,0.97541,0.0,1.0,0.532596,0.81106,0.855,3,0.75,0.0,0.05,0.8,0.6,0.05,0.65,0.55,0.75,consensus_pair,2
overlap_window_blur,overlap,sliding_window_default,sliding_window,failed,undercapture;motif_loss,250,85,21,5;0;3,0.0,0.630556,0.0,1.0,0.538462,0.0,1.0,0.439759,0.727273,0.884848,4,0.75,0.0,0.0,0.8,0.35,0.02,0.65,0.55,0.75,none,2
overlap_window_blur,overlap,sliding_window_short,sliding_window,faithful,within_useful_manifold,600,400,31,60;60;60,1.0,1.0,0.0,1.0,1.0,0.0,1.0,0.575267,0.9,0.9,2,0.75,0.0,0.0,0.8,0.35,0.02,0.65,0.55,0.75,none,2
overlap_window_blur,overlap,sliding_window_long,sliding_window,failed,undercapture;motif_loss,260,98,20,6;5;5,0.083333,0.666111,0.0,1.0,0.935484,0.0,1.0,0.481386,0.888889,0.919753,4,0.75,0.0,0.0,0.8,0.35,0.02,0.65,0.55,0.75,none,2
overlap_window_blur,overlap,sliding_window_low_threshold,sliding_window,failed,overcapture,600,400,30,60;60;60,1.0,1.555556,0.555556,1.0,1.0,0.0,1.0,0.56893,0.9,0.9,4,0.6,0.0,0.0,0.8,0.35,0.02,0.65,0.55,0.75,none,2
overlap_window_blur,overlap,sliding_window_high_threshold,sliding_window,failed,no_events_detected;undercapture;motif_loss;history_prediction_failure;no_event_advantage_over_static,0,0,0,0;0;0,0.0,0.0,0.0,0.0,0.0,0.0,0.0,0.0,0.0,0.0,4,0.9,0.0,0.0,0.8,0.35,0.02,0.65,0.55,0.75,none,2
overlap_window_blur,overlap,heu_default,heu_like,faithful,within_useful_manifold,600,400,33,60;60;60,1.0,1.0,0.0,1.0,1.0,0.0,1.0,0.568606,0.9,0.9,4,0.75,0.0,0.0,0.8,0.35,0.02,0.65,0.55,0.75,none,2
overlap_window_blur,overlap,heu_fast_decay,heu_like,faithful,within_useful_manifold,600,400,30,60;60;60,1.0,1.0,0.0,1.0,1.0,0.0,1.0,0.576775,0.9,0.9,4,0.75,0.0,0.0,0.8,0.6,0.05,0.65,0.55,0.75,none,2
overlap_window_blur,overlap,heu_slow_decay,heu_like,failed,overcapture,605,405,38,57;59;58,0.95,1.668611,0.668611,0.983607,0.991736,0.0,0.983607,0.569224,0.897561,0.895,4,0.75,0.0,0.0,0.8,0.15,0.0,0.65,0.55,0.75,none,2
overlap_window_blur,overlap,heu_high_commit,heu_like,faithful,within_useful_manifold,600,400,27,60;60;60,1.0,1.0,0.0,1.0,1.0,0.0,1.0,0.56893,0.9,0.9,4,0.75,0.0,0.0,0.8,0.35,0.02,0.8,0.55,0.75,none,2
overlap_window_blur,overlap,heu_low_commit,heu_like,degraded,overcapture_degradation,600,400,29,60;60;60,1.0,1.333333,0.333333,1.0,1.0,0.0,1.0,0.568915,0.9,0.9,4,0.75,0.0,0.0,0.8,0.35,0.02,0.5,0.55,0.75,none,2
overlap_window_blur,overlap,hysteresis_default,hysteresis,faithful,within_useful_manifold,600,400,30,60;60;60,1.0,1.0,0.0,1.0,1.0,0.0,1.0,0.570256,0.9,0.9,4,0.75,0.0,0.0,0.8,0.35,0.02,0.65,0.55,0.75,none,2
overlap_window_blur,overlap,hysteresis_tight,hysteresis,faithful,within_useful_manifold,600,400,29,60;60;60,1.0,1.0,0.0,1.0,1.0,0.0,1.0,0.568908,0.9,0.9,4,0.75,0.0,0.0,0.8,0.35,0.02,0.65,0.85,0.75,none,2
overlap_window_blur,overlap,hysteresis_loose,hysteresis,faithful,within_useful_manifold,600,400,30,60;60;60,1.0,1.0,0.0,1.0,1.0,0.0,1.0,0.571832,0.9,0.9,4,0.75,0.0,0.0,0.8,0.35,0.02,0.65,0.35,0.75,none,2
overlap_window_blur,overlap,hysteresis_low_threshold,hysteresis,faithful,within_useful_manifold,600,400,30,60;60;60,1.0,1.0,0.0,1.0,1.0,0.0,1.0,0.573408,0.9,0.9,4,0.6,0.0,0.0,0.8,0.35,0.02,0.65,0.55,0.75,none,2
overlap_window_blur,overlap,hysteresis_high_threshold,hysteresis,faithful,within_useful_manifold,600,400,30,60;60;60,1.0,1.005402,0.005402,1.0,1.0,0.0,1.0,0.575788,0.9,0.9,4,0.9,0.0,0.0,0.8,0.35,0.02,0.65,0.55,0.75,none,2
overlap_window_blur,overlap,hybrid_default,hybrid_state_window,failed,undercapture,600,400,28,60;60;60,1.0,0.555556,0.0,1.0,1.0,0.0,1.0,0.576995,0.9,0.9,4,0.75,0.0,0.0,0.8,0.35,0.02,0.65,0.55,0.75,none,2
overlap_window_blur,overlap,hybrid_strict_local,hybrid_state_window,failed,undercapture;motif_degradation,585,385,30,55;54;57,0.9,0.547222,0.0,1.0,0.991453,0.0,1.0,0.554513,0.897297,0.9,4,0.75,0.0,0.0,0.8,0.35,0.02,0.65,0.55,0.95,none,2
overlap_window_blur,overlap,hybrid_loose_local,hybrid_state_window,degraded,coverage_degradation,600,400,30,60;60;60,1.0,0.779444,0.0,1.0,1.0,0.0,1.0,0.571255,0.9,0.9,4,0.75,0.0,0.0,0.8,0.35,0.02,0.65,0.55,0.55,none,2
overlap_window_blur,overlap,hybrid_fast_decay,hybrid_state_window,failed,undercapture,600,400,28,60;60;60,1.0,0.555556,0.0,1.0,1.0,0.0,1.0,0.577497,0.9,0.9,4,0.75,0.0,0.0,0.8,0.6,0.05,0.65,0.55,0.75,none,2
overlap_window_blur,overlap,hybrid_high_commit,hybrid_state_window,failed,undercapture,600,400,32,60;60;60,1.0,0.555556,0.0,1.0,1.0,0.0,1.0,0.571701,0.9,0.9,4,0.75,0.0,0.0,0.8,0.35,0.02,0.8,0.55,0.75,none,2
overlap_window_blur,overlap,union_default,union_state_window,degraded,overcapture_degradation,600,400,30,60;60;60,1.0,1.22,0.22,1.0,1.0,0.0,1.0,0.570435,0.9,0.9,4,0.75,0.0,0.0,0.8,0.35,0.02,0.65,0.55,0.75,none,2
overlap_window_blur,overlap,union_fast_decay,union_state_window,degraded,overcapture_degradation,600,400,29,60;60;60,1.0,1.204444,0.204444,1.0,1.0,0.0,1.0,0.565577,0.9,0.9,4,0.75,0.0,0.0,0.8,0.6,0.05,0.65,0.55,0.75,none,2
overlap_window_blur,overlap,union_high_commit,union_state_window,degraded,overcapture_degradation,600,400,28,60;60;60,1.0,1.236667,0.236667,1.0,1.0,0.0,1.0,0.578949,0.9,0.9,4,0.75,0.0,0.0,0.8,0.35,0.02,0.8,0.55,0.75,none,2
overlap_window_blur,overlap,union_low_threshold,union_state_window,failed,overcapture,598,398,30,60;60;60,1.0,1.555556,0.555556,1.0,1.0,0.0,1.0,0.573456,0.909091,0.9,4,0.6,0.0,0.0,0.8,0.35,0.02,0.65,0.55,0.75,none,2
overlap_window_blur,overlap,union_top_intensity_pair,union_state_window,degraded,overcapture_degradation,600,400,30,60;60;60,1.0,1.213333,0.213333,1.0,1.0,0.0,1.0,0.57206,0.9,0.9,4,0.75,0.0,0.0,0.8,0.35,0.02,0.65,0.55,0.75,top_intensity_pair,2
overlap_window_blur,overlap,union_frequent_subset_pair,union_state_window,degraded,overcapture_degradation,600,400,28,60;60;60,1.0,1.215556,0.215556,1.0,1.0,0.0,1.0,0.57257,0.9,0.9,4,0.75,0.0,0.0,0.8,0.35,0.02,0.65,0.55,0.75,frequent_subset_pair,2
overlap_window_blur,overlap,union_consensus_pair,union_state_window,degraded,overcapture_degradation,599,399,29,60;60;60,1.0,1.232222,0.232222,1.0,1.0,0.0,1.0,0.57366,0.904523,0.9,4,0.75,0.0,0.0,0.8,0.35,0.02,0.65,0.55,0.75,consensus_pair,2
overlap_window_blur,overlap,union_consensus_fast_decay,union_state_window,degraded,overcapture_degradation,600,400,33,60;60;60,1.0,1.233889,0.233889,1.0,1.0,0.0,1.0,0.574119,0.9,0.9,4,0.75,0.0,0.0,0.8,0.6,0.05,0.65,0.55,0.75,consensus_pair,2
overlap_window_blur,overlap,sliding_low_consensus_pair,sliding_window,failed,overcapture,600,400,30,61;60;60,1.0,1.555556,0.555556,1.0,1.0,0.0,1.0,0.573743,0.905,0.905,4,0.6,0.0,0.0,0.8,0.35,0.02,0.65,0.55,0.75,consensus_pair,2
overlap_window_blur,overlap,hybrid_fast_consensus_pair,hybrid_state_window,failed,undercapture,600,400,31,60;60;60,1.0,0.555556,0.0,1.0,1.0,0.0,1.0,0.571068,0.9,0.9,4,0.75,0.0,0.0,0.8,0.6,0.05,0.65,0.55,0.75,consensus_pair,2
hostile_unique,hostile_unique,sliding_window_default,sliding_window,expected_collapse,noncompressible_as_expected,600,400,0,,0.0,1.0,0.0,0.0,0.0,0.0,0.0,0.0,0.0,0.0,3,0.75,0.0,0.0,0.8,0.35,0.02,0.65,0.55,0.75,none,2
hostile_unique,hostile_unique,sliding_window_short,sliding_window,expected_collapse,noncompressible_as_expected,600,400,0,,0.0,1.0,0.0,0.0,0.0,0.0,0.0,0.0,0.0,0.0,2,0.75,0.0,0.0,0.8,0.35,0.02,0.65,0.55,0.75,none,2
hostile_unique,hostile_unique,sliding_window_long,sliding_window,expected_collapse,noncompressible_as_expected,262,98,0,,0.0,0.659444,0.0,0.0,0.0,0.0,0.0,0.0,0.0,0.0,4,0.75,0.0,0.0,0.8,0.35,0.02,0.65,0.55,0.75,none,2
hostile_unique,hostile_unique,sliding_window_low_threshold,sliding_window,expected_collapse,noncompressible_as_expected,600,400,0,,0.0,1.555556,0.555556,0.0,0.0,0.0,0.0,0.0,0.0,0.0,3,0.6,0.0,0.0,0.8,0.35,0.02,0.65,0.55,0.75,none,2
hostile_unique,hostile_unique,sliding_window_high_threshold,sliding_window,expected_collapse,noncompressible_as_expected,599,399,0,,0.0,1.022475,0.022475,0.0,0.0,0.0,0.0,0.0,0.0,0.0,3,0.9,0.0,0.0,0.8,0.35,0.02,0.65,0.55,0.75,none,2
hostile_unique,hostile_unique,heu_default,heu_like,expected_collapse,noncompressible_as_expected,600,400,0,,0.0,1.0,0.0,0.0,0.0,0.0,0.0,0.0,0.0,0.0,3,0.75,0.0,0.0,0.8,0.35,0.02,0.65,0.55,0.75,none,2
hostile_unique,hostile_unique,heu_fast_decay,heu_like,expected_collapse,noncompressible_as_expected,600,400,0,,0.0,1.0,0.0,0.0,0.0,0.0,0.0,0.0,0.0,0.0,3,0.75,0.0,0.0,0.8,0.6,0.05,0.65,0.55,0.75,none,2
hostile_unique,hostile_unique,heu_slow_decay,heu_like,expected_collapse,noncompressible_as_expected,602,402,0,,0.0,1.667222,0.667222,0.0,0.0,0.0,0.0,0.0,0.0,0.0,3,0.75,0.0,0.0,0.8,0.15,0.0,0.65,0.55,0.75,none,2
hostile_unique,hostile_unique,heu_high_commit,heu_like,expected_collapse,noncompressible_as_expected,600,400,0,,0.0,1.0,0.0,0.0,0.0,0.0,0.0,0.0,0.0,0.0,3,0.75,0.0,0.0,0.8,0.35,0.02,0.8,0.55,0.75,none,2
hostile_unique,hostile_unique,heu_low_commit,heu_like,expected_collapse,noncompressible_as_expected,600,400,0,,0.0,1.333333,0.333333,0.0,0.0,0.0,0.0,0.0,0.0,0.0,3,0.75,0.0,0.0,0.8,0.35,0.02,0.5,0.55,0.75,none,2
hostile_unique,hostile_unique,hysteresis_default,hysteresis,expected_collapse,noncompressible_as_expected,600,400,0,,0.0,1.0,0.0,0.0,0.0,0.0,0.0,0.0,0.0,0.0,3,0.75,0.0,0.0,0.8,0.35,0.02,0.65,0.55,0.75,none,2
hostile_unique,hostile_unique,hysteresis_tight,hysteresis,expected_collapse,noncompressible_as_expected,600,400,0,,0.0,1.0,0.0,0.0,0.0,0.0,0.0,0.0,0.0,0.0,3,0.75,0.0,0.0,0.8,0.35,0.02,0.65,0.85,0.75,none,2
hostile_unique,hostile_unique,hysteresis_loose,hysteresis,expected_collapse,noncompressible_as_expected,600,400,0,,0.0,1.0,0.0,0.0,0.0,0.0,0.0,0.0,0.0,0.0,3,0.75,0.0,0.0,0.8,0.35,0.02,0.65,0.35,0.75,none,2
hostile_unique,hostile_unique,hysteresis_low_threshold,hysteresis,expected_collapse,noncompressible_as_expected,600,400,0,,0.0,1.0,0.0,0.0,0.0,0.0,0.0,0.0,0.0,0.0,3,0.6,0.0,0.0,0.8,0.35,0.02,0.65,0.55,0.75,none,2
hostile_unique,hostile_unique,hysteresis_high_threshold,hysteresis,expected_collapse,noncompressible_as_expected,600,400,0,,0.0,1.005957,0.005957,0.0,0.0,0.0,0.0,0.0,0.0,0.0,3,0.9,0.0,0.0,0.8,0.35,0.02,0.65,0.55,0.75,none,2
hostile_unique,hostile_unique,hybrid_default,hybrid_state_window,expected_collapse,noncompressible_as_expected,600,400,0,,0.0,0.777778,0.0,0.0,0.0,0.0,0.0,0.0,0.0,0.0,3,0.75,0.0,0.0,0.8,0.35,0.02,0.65,0.55,0.75,none,2
hostile_unique,hostile_unique,hybrid_strict_local,hybrid_state_window,expected_collapse,noncompressible_as_expected,600,400,0,,0.0,0.556111,0.0,0.0,0.0,0.0,0.0,0.0,0.0,0.0,3,0.75,0.0,0.0,0.8,0.35,0.02,0.65,0.55,0.95,none,2
hostile_unique,hostile_unique,hybrid_loose_local,hybrid_state_window,expected_collapse,noncompressible_as_expected,600,400,0,,0.0,0.777778,0.0,0.0,0.0,0.0,0.0,0.0,0.0,0.0,3,0.75,0.0,0.0,0.8,0.35,0.02,0.65,0.55,0.55,none,2
hostile_unique,hostile_unique,hybrid_fast_decay,hybrid_state_window,expected_collapse,noncompressible_as_expected,600,400,0,,0.0,0.777778,0.0,0.0,0.0,0.0,0.0,0.0,0.0,0.0,3,0.75,0.0,0.0,0.8,0.6,0.05,0.65,0.55,0.75,none,2
hostile_unique,hostile_unique,hybrid_high_commit,hybrid_state_window,expected_collapse,noncompressible_as_expected,600,400,0,,0.0,0.777778,0.0,0.0,0.0,0.0,0.0,0.0,0.0,0.0,3,0.75,0.0,0.0,0.8,0.35,0.02,0.8,0.55,0.75,none,2
hostile_unique,hostile_unique,union_default,union_state_window,expected_collapse,noncompressible_as_expected,600,400,0,,0.0,1.0,0.0,0.0,0.0,0.0,0.0,0.0,0.0,0.0,3,0.75,0.0,0.0,0.8,0.35,0.02,0.65,0.55,0.75,none,2
hostile_unique,hostile_unique,union_fast_decay,union_state_window,expected_collapse,noncompressible_as_expected,600,400,0,,0.0,1.0,0.0,0.0,0.0,0.0,0.0,0.0,0.0,0.0,3,0.75,0.0,0.0,0.8,0.6,0.05,0.65,0.55,0.75,none,2
hostile_unique,hostile_unique,union_high_commit,union_state_window,expected_collapse,noncompressible_as_expected,600,400,0,,0.0,1.0,0.0,0.0,0.0,0.0,0.0,0.0,0.0,0.0,3,0.75,0.0,0.0,0.8,0.35,0.02,0.8,0.55,0.75,none,2
hostile_unique,hostile_unique,union_low_threshold,union_state_window,expected_collapse,noncompressible_as_expected,600,400,0,,0.0,1.555556,0.555556,0.0,0.0,0.0,0.0,0.0,0.0,0.0,3,0.6,0.0,0.0,0.8,0.35,0.02,0.65,0.55,0.75,none,2
hostile_unique,hostile_unique,union_top_intensity_pair,union_state_window,expected_collapse,noncompressible_as_expected,600,400,0,,0.0,1.0,0.0,0.0,0.0,0.0,0.0,0.0,0.0,0.0,3,0.75,0.0,0.0,0.8,0.35,0.02,0.65,0.55,0.75,top_intensity_pair,2
hostile_unique,hostile_unique,union_frequent_subset_pair,union_state_window,expected_collapse,noncompressible_as_expected,600,400,0,,0.0,1.0,0.0,0.0,0.0,0.0,0.0,0.0,0.0,0.0,3,0.75,0.0,0.0,0.8,0.35,0.02,0.65,0.55,0.75,frequent_subset_pair,2
hostile_unique,hostile_unique,union_consensus_pair,union_state_window,expected_collapse,noncompressible_as_expected,600,400,0,,0.0,1.0,0.0,0.0,0.0,0.0,0.0,0.0,0.0,0.0,3,0.75,0.0,0.0,0.8,0.35,0.02,0.65,0.55,0.75,consensus_pair,2
hostile_unique,hostile_unique,union_consensus_fast_decay,union_state_window,expected_collapse,noncompressible_as_expected,600,400,0,,0.0,1.0,0.0,0.0,0.0,0.0,0.0,0.0,0.0,0.0,3,0.75,0.0,0.0,0.8,0.6,0.05,0.65,0.55,0.75,consensus_pair,2
hostile_unique,hostile_unique,sliding_low_consensus_pair,sliding_window,expected_collapse,noncompressible_as_expected,600,400,0,,0.0,1.555556,0.555556,0.0,0.0,0.0,0.0,0.0,0.0,0.0,3,0.6,0.0,0.0,0.8,0.35,0.02,0.65,0.55,0.75,consensus_pair,2
hostile_unique,hostile_unique,hybrid_fast_consensus_pair,hybrid_state_window,expected_collapse,noncompressible_as_expected,600,400,0,,0.0,0.777778,0.0,0.0,0.0,0.0,0.0,0.0,0.0,0.0,3,0.75,0.0,0.0,0.8,0.6,0.05,0.65,0.55,0.75,consensus_pair,2
