seed_index,seed,world,detector_variant,detector,event_decoder,status,failure_modes,event_count,transition_count,motif_count,canonical_motif_supports,canonical_motif_recovery,canonical_length3_supports,canonical_length3_support_min,canonical_length3_support_mass,canonical_length3_support_fraction,representation_gain,canonical_length3_ranks,canonical_length3_rank_worst,length3_motif_support_mass,length3_motif_count,top5_length3_patterns,active_signal_cell_coverage_ratio,active_signal_cell_overcapture_ratio,event_history_accuracy,event_context_accuracy,collapsed_static_accuracy,predictive_accuracy_delta,compressibility_index,recurring_three_event_window_fraction,repeated_episode_instance_fraction
0,7,branch,sliding_window_low_threshold,sliding_window,none,degraded,overcapture_degradation;motif_degradation;history_prediction_degradation,452,312,45,55;46,0.766667,55;46,46,101,0.9439252336448598,0.177258,1;2,2,107,5,"{A,B} -> {B,C} -> {C,D} | {A,B} -> {B,E} -> {E,F} | {A,B} -> {B,C} -> {C,D,E} | {A,B,E} -> {B,E} -> {E,F} | {B,D,E} -> {B,E} -> {E,F}",1.272376,0.272376,0.818182,0.886364,0.0,0.818182,0.448866,0.622093,0.671429
0,7,branch,sliding_low_consensus_pair,sliding_window,consensus_pair,degraded,overcapture_degradation;motif_degradation,429,289,31,60;54,0.9,60;54,54,114,0.9827586206896551,0.082759,1;2,2,116,3,"{A,B} -> {B,C} -> {C,D} | {A,B} -> {B,E} -> {E,F} | {B,E} -> {E,F} -> {B,E}",1.21056,0.21056,0.952381,0.97619,0.0,0.952381,0.516202,0.778523,0.807143
0,7,branch,sliding_low_temporal_consensus_pair,sliding_window,temporal_consensus_pair,degraded,overcapture_degradation;motif_degradation,427,287,29,59;54,0.9,59;54,54,113,1.0,0.1,1;2,2,113,2,"{A,B} -> {B,C} -> {C,D} | {A,B} -> {B,E} -> {E,F}",1.204121,0.204121,0.952381,0.97619,0.0,0.952381,0.510722,0.763514,0.792857
0,7,branch,hybrid_fast_temporal_consensus_pair,hybrid_state_window,temporal_consensus_pair,failed,undercapture;motif_degradation;history_prediction_degradation,440,300,35,59;54,0.9,59;54,54,113,0.9338842975206612,0.033884,1;2,2,121,4,"{A,B} -> {B,C} -> {C,D} | {A,B} -> {B,E} -> {E,F} | {A,B} -> {A,B} -> {B,C} | {A,B} -> {A,B} -> {B,E}",0.566001,0.0,0.888889,0.909091,0.042553,0.846336,0.499817,0.75625,0.771429
0,7,branch,union_temporal_consensus_pair,union_state_window,temporal_consensus_pair,failed,coverage_degradation;motif_loss;history_prediction_failure,557,417,90,40;40,0.666667,40;40,40,80,0.54421768707483,-0.122449,1;2,2,147,22,"{A,B} -> {B,C} -> {C,D} | {A,B} -> {B,E} -> {E,F} | {A,B} -> {A,B} -> {B,C} | {A,B} -> {B,C} -> {B,C} | {B,C} -> {C,D} -> {C,D}",0.808113,0.0,0.61194,0.695652,0.048387,0.563553,0.353513,0.530686,0.492857
0,7,overlap,sliding_window_low_threshold,sliding_window,none,degraded,overcapture_degradation;motif_degradation;history_prediction_degradation,645,445,58,46;45;52,0.75,46;45;52,45,143,0.910828025477707,0.160828,2;3;1,3,157,8,"{A,B} -> {B,G} -> {E,F} | {A,B} -> {B,C} -> {E,F} | {A,B} -> {B,E} -> {E,F} | {A,B} -> {B,E} -> {B,E,F} | {B,E} -> {B,E,F} -> {E,F}",1.278255,0.278255,0.84127,0.880952,0.0,0.84127,0.466437,0.640816,0.7
0,7,overlap,sliding_low_consensus_pair,sliding_window,consensus_pair,degraded,overcapture_degradation;motif_degradation;history_prediction_degradation,611,411,37,53;52;55,0.866667,53;52;55,52,160,1.0,0.133333,2;3;1,3,160,3,"{A,B} -> {B,G} -> {E,F} | {A,B} -> {B,C} -> {E,F} | {A,B} -> {B,E} -> {E,F}",1.21745,0.21745,0.932203,0.957983,0.0,0.932203,0.51577,0.758294,0.8
0,7,overlap,sliding_low_temporal_consensus_pair,sliding_window,temporal_consensus_pair,degraded,overcapture_degradation;motif_degradation;history_prediction_degradation,612,412,34,53;53;56,0.883333,53;53;56,53,162,1.0,0.116667,3;2;1,3,162,3,"{A,B} -> {B,G} -> {E,F} | {A,B} -> {B,E} -> {E,F} | {A,B} -> {B,C} -> {E,F}",1.21745,0.21745,0.932203,0.95,0.0,0.932203,0.51796,0.764151,0.81
0,7,overlap,hybrid_fast_temporal_consensus_pair,hybrid_state_window,temporal_consensus_pair,failed,undercapture;motif_degradation;history_prediction_degradation,631,431,38,54;54;54,0.9,54;54;54,54,162,0.8901098901098901,-0.00989,2;1;3,3,182,7,"{A,B} -> {B,E} -> {E,F} | {A,B} -> {B,C} -> {E,F} | {A,B} -> {B,G} -> {E,F} | {A,B} -> {A,B} -> {B,E} | {A,B} -> {A,B} -> {B,C}",0.566004,0.0,0.852941,0.899225,0.067669,0.785272,0.525744,0.787879,0.81
0,7,overlap,union_temporal_consensus_pair,union_state_window,temporal_consensus_pair,failed,coverage_degradation;motif_degradation;history_prediction_failure,787,587,107,43;43;44,0.716667,43;43;44,43,130,0.6310679611650486,-0.085599,3;2;1,3,206,27,"{A,B} -> {B,G} -> {E,F} | {A,B} -> {B,E} -> {E,F} | {A,B} -> {B,C} -> {E,F} | {B,E} -> {E,F} -> {E,F} | {A,B} -> {A,B} -> {B,E}",0.80651,0.0,0.597826,0.71519,0.076471,0.521355,0.371054,0.5323,0.555
0,7,hostile_unique,sliding_window_low_threshold,sliding_window,none,expected_collapse,noncompressible_as_expected,898,698,75,,0.0,,0,0,0.0,0.0,,0,0,0,,0.836139,0.0,0.0,0.0,0.0,0.0,0.0016,0.0,0.0
0,7,hostile_unique,sliding_low_consensus_pair,sliding_window,consensus_pair,expected_collapse,noncompressible_as_expected,768,568,139,,0.0,,0,0,0.0,0.0,,0,0,0,,0.668999,0.0,0.0,0.0,0.0,0.0,0.005887,0.0,0.0
0,7,hostile_unique,sliding_low_temporal_consensus_pair,sliding_window,temporal_consensus_pair,expected_collapse,noncompressible_as_expected,720,520,117,,0.0,,0,0,0.0,0.0,,0,0,0,,0.647355,0.0,0.0,0.0,0.0,0.0,0.003939,0.0,0.0
0,7,hostile_unique,hybrid_fast_temporal_consensus_pair,hybrid_state_window,temporal_consensus_pair,expected_collapse,noncompressible_as_expected,745,545,117,,0.0,,0,0,0.0,0.0,,0,0,0,,0.287057,0.0,0.0,0.0,0.0,0.0,0.00453,0.0,0.0
0,7,hostile_unique,union_temporal_consensus_pair,union_state_window,temporal_consensus_pair,expected_collapse,noncompressible_as_expected,1647,1447,518,,0.0,,0,0,0.0,0.0,,0,0,0,,0.571054,0.0,0.0,0.0,0.003333,-0.003333,0.008673,0.0,0.0
1,108,branch,sliding_window_low_threshold,sliding_window,none,degraded,overcapture_degradation;motif_degradation;history_prediction_degradation,459,319,50,45;48,0.75,45;48,45,93,0.9207920792079208,0.170792,2;1,2,101,6,"{A,B} -> {B,E} -> {E,F} | {A,B} -> {B,C} -> {C,D} | {A,B} -> {B,C,G} -> {B,C} | {B,C,G} -> {B,C} -> {C,D} | {A,B} -> {B,C} -> {B,C,E}",1.27604,0.27604,0.891892,0.829545,0.033708,0.858184,0.414544,0.564246,0.614286
1,108,branch,sliding_low_consensus_pair,sliding_window,consensus_pair,degraded,overcapture_degradation;motif_degradation,429,289,30,56;54,0.9,56;54,54,110,1.0,0.1,1;2,2,110,2,"{A,B} -> {B,C} -> {C,D} | {A,B} -> {B,E} -> {E,F}",1.200903,0.200903,0.952381,0.97619,0.011905,0.940476,0.492927,0.738255,0.75
1,108,branch,sliding_low_temporal_consensus_pair,sliding_window,temporal_consensus_pair,degraded,overcapture_degradation;motif_degradation;history_prediction_degradation,430,290,32,56;54,0.9,56;54,54,110,0.9821428571428571,0.082143,1;2,2,112,3,"{A,B} -> {B,C} -> {C,D} | {A,B} -> {B,E} -> {E,F} | {A,B} -> {B,C} -> {B,E}",1.199613,0.199613,0.928571,0.952381,0.011628,0.916944,0.49509,0.746667,0.75
1,108,branch,hybrid_fast_temporal_consensus_pair,hybrid_state_window,temporal_consensus_pair,failed,undercapture;motif_degradation;history_prediction_degradation,440,300,38,56;55,0.916667,56;55,55,111,0.925,0.008333,1;2,2,120,4,"{A,B} -> {B,C} -> {C,D} | {A,B} -> {B,E} -> {E,F} | {A,B} -> {A,B} -> {B,E} | {A,B} -> {A,B} -> {B,C}",0.5495,0.0,0.930233,0.942529,0.022989,0.907244,0.486657,0.745342,0.785714
1,108,branch,union_temporal_consensus_pair,union_state_window,temporal_consensus_pair,failed,coverage_degradation;motif_loss;history_prediction_failure,564,424,86,42;41,0.683333,42;41,41,83,0.5496688741721855,-0.133664,1;2,2,151,24,"{A,B} -> {B,C} -> {C,D} | {A,B} -> {B,E} -> {E,F} | {A,B} -> {A,B} -> {B,E} | {B,C} -> {C,D} -> {C,D} | {B,E} -> {E,F} -> {E,F}",0.793292,0.0,0.684211,0.725664,0.066667,0.617544,0.347771,0.53169,0.521429
1,108,overlap,sliding_window_low_threshold,sliding_window,none,degraded,overcapture_degradation;motif_degradation;history_prediction_degradation,649,449,62,45;50;46,0.75,45;50;46,45,141,0.9215686274509803,0.171569,3;1;2,3,153,9,"{A,B} -> {B,E} -> {E,F} | {A,B} -> {B,G} -> {E,F} | {A,B} -> {B,C} -> {E,F} | {E,F} -> {B,E,F} -> {E,F} | {A,B} -> {A,B,F} -> {B,C}",1.273466,0.273466,0.9,0.918699,0.008065,0.891935,0.450379,0.614458,0.68
1,108,overlap,sliding_low_consensus_pair,sliding_window,consensus_pair,degraded,overcapture_degradation;motif_degradation,609,409,32,54;55;51,0.85,54;55;51,51,160,1.0,0.15,2;1;3,3,160,3,"{A,B} -> {B,E} -> {E,F} | {A,B} -> {B,C} -> {E,F} | {A,B} -> {B,G} -> {E,F}",1.19991,0.19991,0.964286,0.957627,0.0,0.964286,0.517023,0.76555,0.81
1,108,overlap,sliding_low_temporal_consensus_pair,sliding_window,temporal_consensus_pair,degraded,overcapture_degradation;motif_degradation,604,404,34,56;56;52,0.866667,56;56;52,52,164,0.9879518072289156,0.121285,1;2;3,3,166,4,"{A,B} -> {B,C} -> {E,F} | {A,B} -> {B,E} -> {E,F} | {A,B} -> {B,G} -> {E,F} | {A,B} -> {B,G} -> {B,E}",1.193592,0.193592,0.964286,0.965812,0.0,0.964286,0.534752,0.813725,0.82
1,108,overlap,hybrid_fast_temporal_consensus_pair,hybrid_state_window,temporal_consensus_pair,failed,undercapture;motif_degradation;history_prediction_degradation,626,426,39,56;56;53,0.883333,56;56;53,53,165,0.9166666666666666,0.033334,1;2;3,3,180,6,"{A,B} -> {B,C} -> {E,F} | {A,B} -> {B,E} -> {E,F} | {A,B} -> {B,G} -> {E,F} | {A,B} -> {A,B} -> {B,C} | {A,B} -> {A,B} -> {B,G}",0.557762,0.0,0.916667,0.933884,0.040323,0.876344,0.524431,0.79646,0.815
1,108,overlap,union_temporal_consensus_pair,union_state_window,temporal_consensus_pair,failed,coverage_degradation;motif_loss;history_prediction_failure,790,590,117,39;44;47,0.65,39;44;47,39,130,0.5803571428571429,-0.069643,3;2;1,3,224,35,"{A,B} -> {B,G} -> {E,F} | {A,B} -> {B,E} -> {E,F} | {A,B} -> {B,C} -> {E,F} | {B,E} -> {E,F} -> {E,F} | {A,B} -> {A,B} -> {B,C}",0.798285,0.0,0.604396,0.716981,0.076923,0.527473,0.381192,0.574359,0.53
1,108,hostile_unique,sliding_window_low_threshold,sliding_window,none,expected_collapse,noncompressible_as_expected,926,726,79,,0.0,,0,0,0.0,0.0,,0,0,0,,0.841405,0.0,0.0,0.0,0.0,0.0,0.001744,0.0,0.0
1,108,hostile_unique,sliding_low_consensus_pair,sliding_window,consensus_pair,expected_collapse,noncompressible_as_expected,799,599,141,,0.0,,0,0,0.0,0.0,,0,0,0,,0.684337,0.0,0.0,0.0,0.0,0.0,0.006155,0.0,0.0
1,108,hostile_unique,sliding_low_temporal_consensus_pair,sliding_window,temporal_consensus_pair,expected_collapse,noncompressible_as_expected,749,549,125,,0.0,,0,0,0.0,0.0,,0,0,0,,0.660777,0.0,0.0,0.0,0.0,0.0,0.004149,0.0,0.0
1,108,hostile_unique,hybrid_fast_temporal_consensus_pair,hybrid_state_window,temporal_consensus_pair,expected_collapse,noncompressible_as_expected,788,588,135,,0.0,,0,0,0.0,0.0,,0,0,0,,0.286213,0.0,0.0,0.0,0.0,0.0,0.006,0.0,0.0
1,108,hostile_unique,union_temporal_consensus_pair,union_state_window,temporal_consensus_pair,expected_collapse,noncompressible_as_expected,1712,1512,521,,0.0,,0,0,0.0,0.0,,0,0,0,,0.57199,0.0,0.0,0.0,0.0,0.0,0.008599,0.0,0.0
2,209,branch,sliding_window_low_threshold,sliding_window,none,degraded,overcapture_degradation;motif_degradation;history_prediction_degradation,464,324,61,45;45,0.75,45;45,45,90,0.8181818181818182,0.068182,2;1,2,110,11,"{A,B} -> {B,E} -> {E,F} | {A,B} -> {B,C} -> {C,D} | {B,C,F} -> {B,C} -> {C,D} | {A,B,C} -> {B,C} -> {C,D} | {A,B} -> {B,C,E} -> {B,E}",1.282255,0.282255,0.8,0.858696,0.0,0.8,0.42119,0.597826,0.657143
2,209,branch,sliding_low_consensus_pair,sliding_window,consensus_pair,degraded,overcapture_degradation;motif_degradation,437,297,42,53;51,0.85,53;51,51,104,0.896551724137931,0.046552,1;2,2,116,8,"{A,B} -> {B,C} -> {C,D} | {A,B} -> {B,E} -> {E,F} | {A,B} -> {B,C} -> {B,E} | {B,C} -> {B,E} -> {E,F} | {A,B} -> {B,E} -> {B,C}",1.206754,0.206754,0.95122,0.952381,0.0,0.95122,0.479954,0.738854,0.778571
2,209,branch,sliding_low_temporal_consensus_pair,sliding_window,temporal_consensus_pair,degraded,overcapture_degradation;motif_degradation,429,289,35,53;54,0.883333,53;54,53,107,0.963963963963964,0.080631,2;1,2,111,4,"{A,B} -> {B,E} -> {E,F} | {A,B} -> {B,C} -> {C,D} | {A,B} -> {B,D} -> {B,E} | {B,D} -> {B,E} -> {E,F}",1.198471,0.198471,0.975,0.975904,0.0,0.975,0.489828,0.744966,0.778571
2,209,branch,hybrid_fast_temporal_consensus_pair,hybrid_state_window,temporal_consensus_pair,failed,undercapture;motif_degradation;history_prediction_degradation,440,300,34,53;56,0.883333,53;56,53,109,0.9316239316239316,0.048291,2;1,2,117,4,"{A,B} -> {B,E} -> {E,F} | {A,B} -> {B,C} -> {C,D} | {A,B} -> {A,B} -> {B,C} | {A,B} -> {A,B} -> {B,E}",0.558777,0.0,0.948718,0.97561,0.0,0.948718,0.484284,0.73125,0.771429
2,209,branch,union_temporal_consensus_pair,union_state_window,temporal_consensus_pair,failed,coverage_degradation;motif_loss;history_prediction_failure,558,418,103,38;41,0.633333,38;41,38,79,0.5337837837837838,-0.099549,2;1,2,148,28,"{A,B} -> {B,E} -> {E,F} | {A,B} -> {B,C} -> {C,D} | {B,C} -> {C,D} -> {C,D} | {B,E} -> {E,F} -> {E,F} | {A,B} -> {A,B} -> {B,C}",0.803441,0.0,0.607143,0.745098,0.034783,0.57236,0.347942,0.532374,0.485714
2,209,overlap,sliding_window_low_threshold,sliding_window,none,degraded,overcapture_degradation;motif_degradation;history_prediction_degradation,654,454,60,49;52;45,0.75,49;52;45,45,146,0.9605263157894737,0.210526,2;1;3,3,152,6,"{A,B} -> {B,E} -> {E,F} | {A,B} -> {B,C} -> {E,F} | {A,B} -> {B,G} -> {E,F} | {A,B} -> {B,G} -> {B,E,G} | {B,G} -> {B,E,G} -> {E,F}",1.27597,0.27597,0.827586,0.853659,0.007634,0.819953,0.453761,0.598425,0.7
2,209,overlap,sliding_low_consensus_pair,sliding_window,consensus_pair,degraded,overcapture_degradation;motif_degradation,610,410,37,59;56;56,0.933333,59;56;56,56,171,0.9884393063583815,0.055106,1;3;2,3,173,4,"{A,B} -> {B,C} -> {E,F} | {A,B} -> {B,G} -> {E,F} | {A,B} -> {B,E} -> {E,F} | {B,G} -> {A,B} -> {E,F}",1.20107,0.20107,0.966667,0.975,0.00813,0.958537,0.543754,0.82381,0.835
2,209,overlap,sliding_low_temporal_consensus_pair,sliding_window,temporal_consensus_pair,degraded,overcapture_degradation;motif_degradation,610,410,37,59;56;55,0.916667,59;56;55,55,170,0.9770114942528736,0.060344,1;2;3,3,174,5,"{A,B} -> {B,C} -> {E,F} | {A,B} -> {B,E} -> {E,F} | {A,B} -> {B,G} -> {E,F} | {A,B} -> {B,G} -> {B,E} | {B,G} -> {B,E} -> {E,F}",1.200624,0.200624,0.95082,0.966942,0.008065,0.942755,0.54501,0.828571,0.84
2,209,overlap,hybrid_fast_temporal_consensus_pair,hybrid_state_window,temporal_consensus_pair,failed,undercapture;motif_degradation;history_prediction_degradation,637,437,46,57;57;54,0.9,57;57;54,54,168,0.8936170212765957,-0.006383,2;1;3,3,188,9,"{A,B} -> {B,E} -> {E,F} | {A,B} -> {B,C} -> {E,F} | {A,B} -> {B,G} -> {E,F} | {A,B} -> {A,B} -> {B,C} | {A,B} -> {A,B} -> {B,G}",0.557289,0.0,0.880597,0.913386,0.03876,0.841837,0.522353,0.793249,0.805
2,209,overlap,union_temporal_consensus_pair,union_state_window,temporal_consensus_pair,failed,coverage_degradation;motif_loss;history_prediction_failure,793,593,126,38;39;42,0.633333,38;39;42,38,119,0.5560747663551402,-0.077258,3;2;1,3,214,35,"{A,B} -> {B,G} -> {E,F} | {A,B} -> {B,E} -> {E,F} | {A,B} -> {B,C} -> {E,F} | {A,B} -> {A,B} -> {B,C} | {A,B} -> {B,G} -> {B,G}",0.799376,0.0,0.553191,0.648485,0.082353,0.470839,0.368745,0.544529,0.515
2,209,hostile_unique,sliding_window_low_threshold,sliding_window,none,expected_collapse,noncompressible_as_expected,951,751,96,,0.0,,0,0,0.0,0.0,,0,0,0,,0.855096,0.0,0.0,0.0,0.0,0.0,0.001739,0.0,0.0
2,209,hostile_unique,sliding_low_consensus_pair,sliding_window,consensus_pair,expected_collapse,noncompressible_as_expected,829,629,166,,0.0,,0,0,0.0,0.0,,0,0,0,,0.686344,0.0,0.0,0.0,0.0,0.0,0.006132,0.0,0.0
2,209,hostile_unique,sliding_low_temporal_consensus_pair,sliding_window,temporal_consensus_pair,expected_collapse,noncompressible_as_expected,781,581,148,,0.0,,0,0,0.0,0.0,,0,0,0,,0.664314,0.0,0.0,0.0,0.0,0.0,0.004654,0.0,0.0
2,209,hostile_unique,hybrid_fast_temporal_consensus_pair,hybrid_state_window,temporal_consensus_pair,expected_collapse,noncompressible_as_expected,779,579,141,,0.0,,0,0,0.0,0.0,,0,0,0,,0.282751,0.0,0.0,0.0,0.0,0.0,0.004916,0.0,0.0
2,209,hostile_unique,union_temporal_consensus_pair,union_state_window,temporal_consensus_pair,expected_collapse,noncompressible_as_expected,1735,1535,516,,0.0,,0,0,0.0,0.0,,0,4,2,"{U13,U37} -> {U03,U37} -> {U03,U29} | {U24,U29} -> {U18,U33} -> {U17,U30}",0.571062,0.0,0.0,0.0,0.0,0.0,0.009738,0.002996,0.0
3,310,branch,sliding_window_low_threshold,sliding_window,none,degraded,overcapture_degradation;motif_degradation;history_prediction_degradation,448,308,40,49;47,0.783333,49;47,47,96,0.96,0.176667,1;2,2,100,4,"{A,B} -> {B,C} -> {C,D} | {A,B} -> {B,E} -> {E,F} | {B,E} -> {E,F} -> {A,E,F} | {B,E,G} -> {B,E} -> {E,F}",1.262987,0.262987,0.923077,0.928571,0.0,0.923077,0.439528,0.595238,0.657143
3,310,branch,sliding_low_consensus_pair,sliding_window,consensus_pair,degraded,overcapture_degradation;motif_degradation,422,282,29,55;53,0.883333,55;53,53,108,1.0,0.116667,1;2,2,108,2,"{A,B} -> {B,C} -> {C,D} | {A,B} -> {B,E} -> {E,F}",1.196753,0.196753,0.974359,0.963855,0.0,0.974359,0.502622,0.760563,0.778571
3,310,branch,sliding_low_temporal_consensus_pair,sliding_window,temporal_consensus_pair,degraded,overcapture_degradation;motif_degradation,419,279,30,56;53,0.883333,56;53,53,109,1.0,0.116667,1;2,2,109,2,"{A,B} -> {B,C} -> {C,D} | {A,B} -> {B,E} -> {E,F}",1.191558,0.191558,0.95,0.963855,0.0,0.95,0.509961,0.784173,0.785714
3,310,branch,hybrid_fast_temporal_consensus_pair,hybrid_state_window,temporal_consensus_pair,failed,undercapture;motif_degradation,435,295,32,56;52,0.866667,56;52,52,108,0.9310344827586207,0.064367,1;2,2,116,4,"{A,B} -> {B,C} -> {C,D} | {A,B} -> {B,E} -> {E,F} | {A,B} -> {A,B} -> {B,C} | {A,B} -> {A,B} -> {B,E}",0.561688,0.0,0.975,0.975904,0.011905,0.963095,0.494982,0.748387,0.771429
3,310,branch,union_temporal_consensus_pair,union_state_window,temporal_consensus_pair,failed,coverage_degradation;motif_loss;history_prediction_degradation,546,406,81,40;40,0.666667,40;40,40,80,0.5755395683453237,-0.091127,1;2,2,139,17,"{A,B} -> {B,C} -> {C,D} | {A,B} -> {B,E} -> {E,F} | {A,B} -> {B,E} -> {B,E} | {B,E} -> {B,E} -> {E,F} | {A,B} -> {A,B} -> {B,C}",0.800649,0.0,0.7,0.743119,0.025862,0.674138,0.357118,0.522556,0.542857
3,310,overlap,sliding_window_low_threshold,sliding_window,none,degraded,overcapture_degradation;motif_degradation;history_prediction_degradation,667,467,86,44;45;44,0.733333,44;45;44,44,133,0.8109756097560976,0.077643,3;1;2,3,164,18,"{A,B} -> {B,E} -> {E,F} | {A,B} -> {B,G} -> {E,F} | {A,B} -> {B,C} -> {E,F} | {B,E,F} -> {B,E} -> {E,F} | {A,B} -> {B,C,H} -> {B,C}",1.295989,0.295989,0.71875,0.75,0.0,0.71875,0.437837,0.614232,0.705
3,310,overlap,sliding_low_consensus_pair,sliding_window,consensus_pair,degraded,overcapture_degradation;motif_degradation;history_prediction_degradation,621,421,46,55;56;50,0.833333,55;56;50,50,161,0.936046511627907,0.102714,2;1;3,3,172,8,"{A,B} -> {B,E} -> {E,F} | {A,B} -> {B,C} -> {E,F} | {A,B} -> {B,G} -> {E,F} | {A,B} -> {B,G} -> {A,B} | {B,E} -> {E,F} -> {E,F}",1.209948,0.209948,0.822581,0.864,0.0,0.822581,0.514897,0.778281,0.835
3,310,overlap,sliding_low_temporal_consensus_pair,sliding_window,temporal_consensus_pair,degraded,overcapture_degradation;motif_degradation;history_prediction_degradation,617,417,44,56;55;52,0.866667,56;55;52,52,163,0.9644970414201184,0.09783,1;2;3,3,169,6,"{A,B} -> {B,C} -> {E,F} | {A,B} -> {B,E} -> {E,F} | {A,B} -> {B,G} -> {E,F} | {B,E} -> {E,F} -> {E,F} | {A,B} -> {B,G} -> {G,H}",1.206363,0.206363,0.9,0.918699,0.0,0.9,0.516721,0.778802,0.835
3,310,overlap,hybrid_fast_temporal_consensus_pair,hybrid_state_window,temporal_consensus_pair,failed,undercapture;motif_degradation;history_prediction_degradation,625,425,43,55;56;54,0.9,55;56;54,54,165,0.9065934065934066,0.006593,2;1;3,3,182,7,"{A,B} -> {B,E} -> {E,F} | {A,B} -> {B,C} -> {E,F} | {A,B} -> {B,G} -> {E,F} | {A,B} -> {A,B} -> {B,E} | {A,B} -> {A,B} -> {B,G}",0.559713,0.0,0.857143,0.904762,0.045113,0.81203,0.529388,0.808889,0.835
3,310,overlap,union_temporal_consensus_pair,union_state_window,temporal_consensus_pair,failed,coverage_degradation;motif_loss;history_prediction_failure,778,578,114,41;44;40,0.666667,41;44;40,40,125,0.5555555555555556,-0.111111,2;1;3,3,225,35,"{A,B} -> {B,E} -> {E,F} | {A,B} -> {B,C} -> {E,F} | {A,B} -> {B,G} -> {E,F} | {A,B} -> {A,B} -> {B,G} | {A,B} -> {A,B} -> {B,E}",0.791844,0.0,0.526882,0.635294,0.065934,0.460948,0.393453,0.595238,0.61
3,310,hostile_unique,sliding_window_low_threshold,sliding_window,none,expected_collapse,noncompressible_as_expected,929,729,88,,0.0,,0,0,0.0,0.0,,0,0,0,,0.839819,0.0,0.0,0.0,0.0,0.0,0.001832,0.0,0.0
3,310,hostile_unique,sliding_low_consensus_pair,sliding_window,consensus_pair,expected_collapse,noncompressible_as_expected,788,588,137,,0.0,,0,0,0.0,0.0,,0,0,0,,0.667457,0.0,0.0,0.0,0.0,0.0,0.00666,0.0,0.0
3,310,hostile_unique,sliding_low_temporal_consensus_pair,sliding_window,temporal_consensus_pair,expected_collapse,noncompressible_as_expected,744,544,125,,0.0,,0,0,0.0,0.0,,0,0,0,,0.647839,0.0,0.0,0.0,0.0,0.0,0.004864,0.0,0.0
3,310,hostile_unique,hybrid_fast_temporal_consensus_pair,hybrid_state_window,temporal_consensus_pair,expected_collapse,noncompressible_as_expected,769,569,132,,0.0,,0,0,0.0,0.0,,0,0,0,,0.281988,0.0,0.0,0.0,0.0,0.0,0.005035,0.0,0.0
3,310,hostile_unique,union_temporal_consensus_pair,union_state_window,temporal_consensus_pair,expected_collapse,noncompressible_as_expected,1671,1471,532,,0.0,,0,0,0.0,0.0,,0,4,2,"{U05,U08} -> {U05,U11} -> {U05,U15} | {U00,U11} -> {U00,U27} -> {U00,U25}",0.557723,0.0,0.071429,0.0,0.0,0.071429,0.009081,0.003147,0.0
4,411,branch,sliding_window_low_threshold,sliding_window,none,degraded,overcapture_degradation;motif_degradation;history_prediction_degradation,463,323,48,47;43,0.716667,47;43,43,90,0.9183673469387755,0.2017,1;2,2,98,6,"{A,B} -> {B,C} -> {C,D} | {A,B} -> {B,E} -> {E,F} | {B,C} -> {B,C,D} -> {C,D} | {B,C} -> {C,D,H} -> {C,D} | {A,B} -> {B,C} -> {A,B,C}",1.289744,0.289744,0.820513,0.808511,0.020619,0.799894,0.408352,0.535519,0.6
4,411,branch,sliding_low_consensus_pair,sliding_window,consensus_pair,degraded,overcapture_degradation;motif_degradation;history_prediction_degradation,432,292,34,53;52,0.866667,53;52,52,105,0.963302752293578,0.096636,1;2,2,109,4,"{A,B} -> {B,C} -> {C,D} | {A,B} -> {B,E} -> {E,F} | {A,B} -> {B,C} -> {A,B} | {B,C} -> {A,B} -> {C,D}",1.212179,0.212179,0.928571,0.920455,0.034091,0.894481,0.48364,0.717105,0.757143
4,411,branch,sliding_low_temporal_consensus_pair,sliding_window,temporal_consensus_pair,degraded,overcapture_degradation;motif_degradation,427,287,31,55;52,0.866667,55;52,52,107,1.0,0.133333,1;2,2,107,2,"{A,B} -> {B,C} -> {C,D} | {A,B} -> {B,E} -> {E,F}",1.209615,0.209615,0.97619,0.976471,0.0,0.97619,0.490071,0.727891,0.764286
4,411,branch,hybrid_fast_temporal_consensus_pair,hybrid_state_window,temporal_consensus_pair,failed,undercapture;motif_degradation;history_prediction_degradation,434,294,31,57;52,0.866667,57;52,52,109,0.923728813559322,0.057062,1;2,2,118,4,"{A,B} -> {B,C} -> {C,D} | {A,B} -> {B,E} -> {E,F} | {A,B} -> {A,B} -> {B,C} | {A,B} -> {A,B} -> {B,E}",0.558974,0.0,0.931818,0.920455,0.044444,0.887374,0.507251,0.766234,0.757143
4,411,branch,union_temporal_consensus_pair,union_state_window,temporal_consensus_pair,failed,coverage_degradation;motif_loss;history_prediction_failure,552,412,80,34;48,0.566667,34;48,34,82,0.5774647887323944,0.010798,2;1,2,142,17,"{A,B} -> {B,E} -> {E,F} | {A,B} -> {B,C} -> {C,D} | {B,E} -> {E,F} -> {E,F} | {B,C} -> {C,D} -> {C,D} | {A,B} -> {A,B} -> {B,E}",0.801282,0.0,0.666667,0.75,0.033333,0.633333,0.352027,0.522059,0.485714
4,411,overlap,sliding_window_low_threshold,sliding_window,none,degraded,overcapture_degradation;motif_degradation;history_prediction_degradation,657,457,62,49;46;46,0.766667,49;46;46,46,141,0.8980891719745223,0.131422,1;2;3,3,157,11,"{A,B} -> {B,C} -> {E,F} | {A,B} -> {B,E} -> {E,F} | {A,B} -> {B,G} -> {E,F} | {B,D,G} -> {B,G} -> {E,F} | {B,H} -> {B,G} -> {E,F}",1.27703,0.27703,0.830769,0.886364,0.0,0.830769,0.455317,0.610895,0.69
4,411,overlap,sliding_low_consensus_pair,sliding_window,consensus_pair,degraded,overcapture_degradation;motif_degradation;history_prediction_degradation,619,419,46,57;53;53,0.883333,57;53;53,53,163,0.9209039548022598,0.037571,1;2;3,3,177,10,"{A,B} -> {B,C} -> {E,F} | {A,B} -> {B,E} -> {E,F} | {A,B} -> {B,G} -> {E,F} | {A,B} -> {B,G} -> {A,B} | {A,B} -> {B,H} -> {B,G}",1.209511,0.209511,0.921875,0.936,0.0,0.921875,0.52991,0.808219,0.85
4,411,overlap,sliding_low_temporal_consensus_pair,sliding_window,temporal_consensus_pair,degraded,overcapture_degradation;motif_degradation;history_prediction_degradation,616,416,40,57;54;55,0.9,57;54;55,54,166,0.9651162790697675,0.065116,1;3;2,3,172,6,"{A,B} -> {B,C} -> {E,F} | {A,B} -> {B,G} -> {E,F} | {A,B} -> {B,E} -> {E,F} | {A,B} -> {B,H} -> {B,G} | {B,H} -> {B,G} -> {E,F}",1.206819,0.206819,0.935484,0.943089,0.0,0.935484,0.528738,0.796296,0.845
4,411,overlap,hybrid_fast_temporal_consensus_pair,hybrid_state_window,temporal_consensus_pair,failed,undercapture;motif_degradation;history_prediction_degradation,630,430,42,57;52;55,0.866667,57;52;55,52,164,0.8913043478260869,0.024637,1;3;2,3,184,8,"{A,B} -> {B,C} -> {E,F} | {A,B} -> {B,G} -> {E,F} | {A,B} -> {B,E} -> {E,F} | {A,B} -> {A,B} -> {B,G} | {A,B} -> {A,B} -> {B,C}",0.558098,0.0,0.857143,0.910569,0.039683,0.81746,0.526117,0.8,0.83
4,411,overlap,union_temporal_consensus_pair,union_state_window,temporal_consensus_pair,failed,coverage_degradation;motif_loss;history_prediction_failure,795,595,130,43;36;36,0.6,43;36;36,36,115,0.5133928571428571,-0.086607,1;3;2,3,224,40,"{A,B} -> {B,C} -> {E,F} | {A,B} -> {B,G} -> {E,F} | {A,B} -> {B,E} -> {E,F} | {A,B} -> {A,B} -> {B,C} | {A,B} -> {A,B} -> {B,G}",0.794527,0.0,0.568182,0.692308,0.094118,0.474064,0.376747,0.567089,0.55
4,411,hostile_unique,sliding_window_low_threshold,sliding_window,none,expected_collapse,noncompressible_as_expected,963,763,78,,0.0,,0,0,0.0,0.0,,0,0,0,,0.883691,0.0,0.0,0.0,0.0,0.0,0.001535,0.0,0.0
4,411,hostile_unique,sliding_low_consensus_pair,sliding_window,consensus_pair,expected_collapse,noncompressible_as_expected,834,634,165,,0.0,,0,0,0.0,0.0,,0,0,0,,0.696989,0.0,0.0,0.0,0.0,0.0,0.006886,0.0,0.0
4,411,hostile_unique,sliding_low_temporal_consensus_pair,sliding_window,temporal_consensus_pair,expected_collapse,noncompressible_as_expected,760,560,133,,0.0,,0,0,0.0,0.0,,0,0,0,,0.663634,0.0,0.0,0.0,0.0,0.0,0.004337,0.0,0.0
4,411,hostile_unique,hybrid_fast_temporal_consensus_pair,hybrid_state_window,temporal_consensus_pair,expected_collapse,noncompressible_as_expected,775,575,130,,0.0,,0,0,0.0,0.0,,0,0,0,,0.286983,0.0,0.0,0.0,0.0,0.0,0.005215,0.0,0.0
4,411,hostile_unique,union_temporal_consensus_pair,union_state_window,temporal_consensus_pair,expected_collapse,noncompressible_as_expected,1690,1490,528,,0.0,,0,0,0.0,0.0,,0,2,1,"{U09,U12} -> {U12,U19} -> {U08,U11}",0.569201,0.0,0.058824,0.0,0.0,0.058824,0.009392,0.00155,0.0
