seed_index,seed,world,detector_variant,detector,event_decoder,null_model,status,failure_modes,event_count,transition_count,motif_count,canonical_motif_supports,canonical_motif_recovery,canonical_length3_supports,canonical_length3_support_min,canonical_length3_support_mass,canonical_length3_support_fraction,representation_gain,canonical_length3_ranks,canonical_event_support_fraction,canonical_transition_support_fraction,canonical_event_support_mass,canonical_transition_support_mass,motif_over_event_gain,motif_over_transition_gain,canonical_length3_rank_worst,length3_motif_support_mass,length3_motif_count,top5_length3_patterns,active_signal_cell_coverage_ratio,active_signal_cell_overcapture_ratio,event_history_accuracy,event_context_accuracy,collapsed_static_accuracy,predictive_accuracy_delta,compressibility_index,recurring_three_event_window_fraction,repeated_episode_instance_fraction
0,7,branch,sliding_low_temporal_consensus_pair,sliding_window,temporal_consensus_pair,observed,degraded,overcapture_degradation;motif_degradation,427,287,29,59;54,0.9,59;54,54,113,1.0,0.1,1;2,0.8641686182669789,0.818815331010453,369,235,0.135831,0.181185,2,113,2,"{A,B} -> {B,C} -> {C,D} | {A,B} -> {B,E} -> {E,F}",1.204121,0.204121,0.952381,0.97619,0.0,0.952381,0.510722,0.763514,0.792857
0,7,branch,sliding_low_temporal_consensus_pair,sliding_window,temporal_consensus_pair,within_episode_permuted,failed,overcapture_degradation;motif_loss,427,287,46,7;11,0.116667,7;11,7,18,0.15254237288135594,0.035875,12;4,0.8641686182669789,0.2613240418118467,369,75,-0.711626,-0.108782,12,118,12,"{B,C} -> {A,B} -> {C,D} | {B,C} -> {C,D} -> {A,B} | {B,E} -> {A,B} -> {E,F} | {A,B} -> {B,E} -> {E,F} | {B,E} -> {E,F} -> {A,B}",1.204121,0.204121,0.954545,0.488372,0.147727,0.806818,0.45774,0.797297,0.792857
0,7,branch,sliding_low_temporal_consensus_pair,sliding_window,temporal_consensus_pair,episode_boundaries_permuted,failed,overcapture_degradation;motif_loss;history_prediction_failure;no_event_advantage_over_static,427,287,78,0;2,0.0,0;2,0,2,0.03508771929824561,0.035088,0;12,0.8641686182669789,0.14982578397212543,369,43,-0.829081,-0.114738,12,57,24,"{A,B} -> {A,B} -> {A,B} | {A,B} -> {A,B} -> {B,E} | {C,D} -> {B,E} -> {A,B} | {E,F} -> {B,E} -> {E,F} | {C,D} -> {A,B} -> {B,E}",1.204121,0.204121,0.193548,0.25,0.204545,-0.010997,0.288465,0.385135,0.342857
0,7,branch,sliding_low_temporal_consensus_pair,sliding_window,temporal_consensus_pair,global_label_permuted,failed,overcapture_degradation;motif_loss,427,287,29,0;0,0.0,0;0,0,0,0.0,0.0,0;0,0.17798594847775176,0.0,76,0,-0.177986,0.0,0,113,2,"{A,G} -> {D,G} -> {C,G} | {A,G} -> {E,F} -> {B,F}",1.204121,0.204121,0.952381,0.97619,0.0,0.952381,0.510722,0.763514,0.792857
0,7,branch,sliding_window_low_threshold,sliding_window,none,observed,degraded,overcapture_degradation;motif_degradation;history_prediction_degradation,452,312,45,55;46,0.766667,55;46,46,101,0.9439252336448598,0.177258,1;2,0.8008849557522124,0.7147435897435898,362,223,0.14304,0.229182,2,107,5,"{A,B} -> {B,C} -> {C,D} | {A,B} -> {B,E} -> {E,F} | {A,B} -> {B,C} -> {C,D,E} | {A,B,E} -> {B,E} -> {E,F} | {B,D,E} -> {B,E} -> {E,F}",1.272376,0.272376,0.818182,0.886364,0.0,0.818182,0.448866,0.622093,0.671429
0,7,branch,sliding_window_low_threshold,sliding_window,none,within_episode_permuted,failed,overcapture_degradation;motif_loss,452,312,61,10;8,0.133333,10;8,8,18,0.16981132075471697,0.036478,4;7,0.8008849557522124,0.2532051282051282,362,79,-0.631074,-0.083394,7,106,13,"{B,C} -> {A,B} -> {C,D} | {B,E} -> {E,F} -> {A,B} | {E,F} -> {A,B} -> {B,E} | {A,B} -> {B,C} -> {C,D} | {C,D} -> {B,C} -> {A,B}",1.278815,0.278815,0.95,0.482759,0.0,0.95,0.394676,0.616279,0.671429
0,7,branch,sliding_window_low_threshold,sliding_window,none,episode_boundaries_permuted,failed,overcapture_degradation;motif_loss;history_prediction_failure,452,312,96,0;2,0.0,0;2,0,2,0.034482758620689655,0.034483,0;15,0.8008849557522124,0.08333333333333333,362,26,-0.766402,-0.048851,15,58,27,"{B,E} -> {A,B} -> {A,B} | {A,B} -> {A,B} -> {E,F} | {B,E} -> {B,E} -> {A,B} | {B,E} -> {C,D} -> {A,B} | {C,D} -> {E,F} -> {B,E}",1.272376,0.272376,0.233333,0.135802,0.010989,0.222344,0.270328,0.337209,0.121429
0,7,branch,sliding_window_low_threshold,sliding_window,none,global_label_permuted,failed,overcapture_degradation;motif_loss;history_prediction_degradation,452,312,45,0;0,0.0,0;0,0,0,0.0,0.0,0;0,0.017699115044247787,0.0,8,0,-0.017699,0.0,0,107,5,"{F,G} -> {A,B,G} -> {A,B,D} | {F,G} -> {F,H} -> {C,G} | {F,G} -> {A,B,G} -> {A,B,E} | {B,G} -> {F,H} -> {C,G} | {B,H} -> {F,H} -> {C,G}",1.460399,0.460399,0.818182,0.886364,0.222222,0.59596,0.448866,0.622093,0.671429
0,7,branch,union_temporal_consensus_pair,union_state_window,temporal_consensus_pair,observed,failed,coverage_degradation;motif_loss;history_prediction_failure,557,417,90,40;40,0.666667,40;40,40,80,0.54421768707483,-0.122449,1;2,0.7863554757630161,0.5059952038369304,438,211,-0.242138,0.038222,2,147,22,"{A,B} -> {B,C} -> {C,D} | {A,B} -> {B,E} -> {E,F} | {A,B} -> {A,B} -> {B,C} | {A,B} -> {B,C} -> {B,C} | {B,C} -> {C,D} -> {C,D}",0.808113,0.0,0.61194,0.695652,0.048387,0.563553,0.353513,0.530686,0.492857
0,7,branch,union_temporal_consensus_pair,union_state_window,temporal_consensus_pair,within_episode_permuted,failed,coverage_degradation;motif_loss;history_prediction_failure,557,417,93,8;8,0.133333,8;8,8,16,0.12213740458015267,-0.011196,6;5,0.7863554757630161,0.18225419664268586,438,76,-0.664218,-0.060117,6,131,29,"{C,D} -> {B,C} -> {A,B} | {B,E} -> {E,F} -> {A,B} | {B,C} -> {A,B} -> {C,D} | {A,B} -> {C,D} -> {B,C} | {A,B} -> {B,E} -> {E,F}",0.808113,0.0,0.507937,0.4,0.153226,0.354711,0.310003,0.472924,0.4
0,7,branch,union_temporal_consensus_pair,union_state_window,temporal_consensus_pair,episode_boundaries_permuted,failed,coverage_degradation;motif_loss;history_prediction_failure,557,417,120,3;0,0.0,3;0,0,3,0.02857142857142857,0.028571,14;0,0.7863554757630161,0.11990407673860912,438,50,-0.757784,-0.091333,14,105,42,"{A,B} -> {A,B} -> {C,D} | {B,C} -> {A,B} -> {B,C} | {C,D} -> {A,B} -> {A,B} | {B,E} -> {A,B} -> {A,B} | {A,B} -> {A,B} -> {B,E}",0.808113,0.0,0.185185,0.22807,0.142857,0.042328,0.262522,0.379061,0.057143
0,7,branch,union_temporal_consensus_pair,union_state_window,temporal_consensus_pair,global_label_permuted,failed,coverage_degradation;motif_loss;history_prediction_failure,557,417,90,0;0,0.0,0;0,0,0,0.0,0.0,0;0,0.03411131059245961,0.0,19,0,-0.034111,0.0,0,147,22,"{A,G} -> {D,H} -> {B,H} | {A,G} -> {E,G} -> {A,D} | {A,G} -> {A,G} -> {D,H} | {A,G} -> {D,H} -> {D,H} | {D,H} -> {B,H} -> {B,H}",0.808113,0.0,0.61194,0.695652,0.040323,0.571618,0.353513,0.530686,0.492857
0,7,overlap,sliding_low_temporal_consensus_pair,sliding_window,temporal_consensus_pair,observed,degraded,overcapture_degradation;motif_degradation;history_prediction_degradation,612,412,34,53;53;56,0.883333,53;53;56,53,162,1.0,0.116667,3;2;1,0.9003267973856209,0.837378640776699,551,345,0.099673,0.162621,3,162,3,"{A,B} -> {B,G} -> {E,F} | {A,B} -> {B,E} -> {E,F} | {A,B} -> {B,C} -> {E,F}",1.21745,0.21745,0.932203,0.95,0.0,0.932203,0.51796,0.764151,0.81
0,7,overlap,sliding_low_temporal_consensus_pair,sliding_window,temporal_consensus_pair,within_episode_permuted,failed,overcapture_degradation;motif_loss;history_prediction_degradation,612,412,55,11;12;9,0.15,11;12;9,9,32,0.18823529411764706,0.038235,8;2;11,0.9003267973856209,0.3058252427184466,551,126,-0.712092,-0.11759,11,170,18,"{E,F} -> {B,C} -> {A,B} | {A,B} -> {B,E} -> {E,F} | {B,C} -> {E,F} -> {A,B} | {B,E} -> {A,B} -> {E,F} | {E,F} -> {A,B} -> {B,G}",1.21745,0.21745,0.777778,0.463415,0.0,0.777778,0.487779,0.801887,0.805
0,7,overlap,sliding_low_temporal_consensus_pair,sliding_window,temporal_consensus_pair,episode_boundaries_permuted,failed,overcapture_degradation;motif_loss;history_prediction_failure,612,412,98,2;2;2,0.033333,2;2;2,2,6,0.04580152671755725,0.012469,28;35;33,0.9003267973856209,0.16747572815533981,551,69,-0.854525,-0.121674,35,131,41,"{A,B} -> {A,B} -> {E,F} | {B,E} -> {A,B} -> {A,B} | {A,B} -> {A,B} -> {A,B} | {E,F} -> {E,F} -> {E,F} | {E,F} -> {A,B} -> {A,B}",1.21745,0.21745,0.24,0.316239,0.225,0.015,0.404658,0.617925,0.485
0,7,overlap,sliding_low_temporal_consensus_pair,sliding_window,temporal_consensus_pair,global_label_permuted,failed,overcapture_degradation;motif_loss;history_prediction_degradation,612,412,34,0;0;0,0.0,0;0;0,0,0,0.0,0.0,0;0;0,0.12254901960784313,0.0,75,0,-0.122549,0.0,0,162,3,"{A,H} -> {E,F} -> {A,E} | {A,H} -> {D,F} -> {A,E} | {A,H} -> {A,G} -> {A,E}",1.21745,0.21745,0.932203,0.95,0.0,0.932203,0.51796,0.764151,0.81
0,7,overlap,sliding_window_low_threshold,sliding_window,none,observed,degraded,overcapture_degradation;motif_degradation;history_prediction_degradation,645,445,58,46;45;52,0.75,46;45;52,45,143,0.910828025477707,0.160828,2;3;1,0.8449612403100775,0.7235955056179775,545,322,0.065867,0.187233,3,157,8,"{A,B} -> {B,G} -> {E,F} | {A,B} -> {B,C} -> {E,F} | {A,B} -> {B,E} -> {E,F} | {A,B} -> {B,E} -> {B,E,F} | {B,E} -> {B,E,F} -> {E,F}",1.278255,0.278255,0.84127,0.880952,0.0,0.84127,0.466437,0.640816,0.7
0,7,overlap,sliding_window_low_threshold,sliding_window,none,within_episode_permuted,failed,overcapture_degradation;motif_loss;history_prediction_degradation,645,445,74,9;11;10,0.15,9;11;10,9,30,0.19607843137254902,0.046078,7;3;6,0.8449612403100775,0.24943820224719102,545,111,-0.648883,-0.05336,7,153,19,"{E,F} -> {B,G} -> {A,B} | {A,B} -> {E,F} -> {B,C} | {A,B} -> {B,E} -> {E,F} | {B,G} -> {A,B} -> {E,F} | {B,E} -> {E,F} -> {A,B}",1.28481,0.28481,0.71875,0.511811,0.015385,0.703365,0.429511,0.62449,0.68
0,7,overlap,sliding_window_low_threshold,sliding_window,none,episode_boundaries_permuted,failed,overcapture_degradation;motif_loss;history_prediction_failure,645,445,110,0;0;0,0.0,0;0;0,0,0,0.0,0.0,0;0;0,0.8449612403100775,0.14157303370786517,545,63,-0.844961,-0.141573,0,118,38,"{A,B} -> {E,F} -> {A,B} | {E,F} -> {E,F} -> {A,B} | {E,F} -> {A,B} -> {E,F} | {A,B} -> {E,F} -> {E,F} | {E,F} -> {A,B} -> {A,B}",1.278255,0.278255,0.232143,0.313559,0.007874,0.224269,0.36436,0.481633,0.345
0,7,overlap,sliding_window_low_threshold,sliding_window,none,global_label_permuted,failed,overcapture_degradation;motif_loss;history_prediction_degradation,645,445,58,0;0;0,0.0,0;0;0,0,0,0.0,0.0,0;0;0,0.12093023255813953,0.0022471910112359553,78,1,-0.12093,-0.002247,0,157,8,"{C,H} -> {B,C} -> {C,E} | {C,H} -> {A,B,D} -> {C,E} | {C,H} -> {B,E,F} -> {C,E} | {C,H} -> {B,E,F} -> {F,H} | {B,E,F} -> {F,H} -> {C,E}",1.422468,0.422468,0.84127,0.880952,0.0,0.84127,0.466437,0.640816,0.7
0,7,overlap,union_temporal_consensus_pair,union_state_window,temporal_consensus_pair,observed,failed,coverage_degradation;motif_degradation;history_prediction_failure,787,587,107,43;43;44,0.716667,43;43;44,43,130,0.6310679611650486,-0.085599,3;2;1,0.8132147395171537,0.5485519591141397,640,322,-0.182147,0.082516,3,206,27,"{A,B} -> {B,G} -> {E,F} | {A,B} -> {B,E} -> {E,F} | {A,B} -> {B,C} -> {E,F} | {B,E} -> {E,F} -> {E,F} | {A,B} -> {A,B} -> {B,E}",0.80651,0.0,0.597826,0.71519,0.076471,0.521355,0.371054,0.5323,0.555
0,7,overlap,union_temporal_consensus_pair,union_state_window,temporal_consensus_pair,within_episode_permuted,failed,coverage_degradation;motif_loss;history_prediction_failure,787,587,121,6;9;11,0.1,6;9;11,6,26,0.12149532710280374,0.021495,17;7;4,0.8132147395171537,0.21294718909710392,640,125,-0.691719,-0.091452,17,214,45,"{E,F} -> {B,C} -> {A,B} | {B,C} -> {E,F} -> {A,B} | {E,F} -> {B,G} -> {A,B} | {A,B} -> {B,G} -> {E,F} | {B,G} -> {E,F} -> {A,B}",0.80651,0.0,0.454545,0.428571,0.052941,0.401604,0.363049,0.552972,0.43
0,7,overlap,union_temporal_consensus_pair,union_state_window,temporal_consensus_pair,episode_boundaries_permuted,failed,coverage_degradation;motif_loss;history_prediction_failure,787,587,144,5;4;2,0.033333,5;4;2,2,11,0.057291666666666664,0.023959,11;15;30,0.8132147395171537,0.17546848381601363,640,103,-0.755923,-0.118177,30,192,55,"{A,B} -> {A,B} -> {E,F} | {E,F} -> {E,F} -> {E,F} | {E,F} -> {E,F} -> {A,B} | {A,B} -> {E,F} -> {E,F} | {E,F} -> {A,B} -> {A,B}",0.80651,0.0,0.175824,0.273292,0.164706,0.011118,0.332518,0.496124,0.145
0,7,overlap,union_temporal_consensus_pair,union_state_window,temporal_consensus_pair,global_label_permuted,failed,coverage_degradation;motif_loss;history_prediction_failure,787,587,107,0;0;0,0.0,0;0;0,0,0,0.0,0.0,0;0;0,0.02795425667090216,0.0,22,0,-0.027954,0.0,0,206,27,"{A,G} -> {D,E} -> {A,D} | {A,G} -> {E,G} -> {A,D} | {A,G} -> {D,H} -> {A,D} | {E,G} -> {A,D} -> {A,D} | {A,G} -> {A,G} -> {E,G}",0.80651,0.0,0.597826,0.71519,0.147059,0.450767,0.371054,0.5323,0.555
1,108,branch,sliding_low_temporal_consensus_pair,sliding_window,temporal_consensus_pair,observed,degraded,overcapture_degradation;motif_degradation;history_prediction_degradation,430,290,32,56;54,0.9,56;54,54,110,0.9821428571428571,0.082143,1;2,0.858139534883721,0.7896551724137931,369,229,0.124003,0.192488,2,112,3,"{A,B} -> {B,C} -> {C,D} | {A,B} -> {B,E} -> {E,F} | {A,B} -> {B,C} -> {B,E}",1.199613,0.199613,0.928571,0.952381,0.011628,0.916944,0.49509,0.746667,0.75
1,108,branch,sliding_low_temporal_consensus_pair,sliding_window,temporal_consensus_pair,within_episode_permuted,failed,overcapture_degradation;motif_loss,430,290,48,11;11,0.183333,11;11,11,22,0.2,0.016667,3;4,0.858139534883721,0.29310344827586204,369,85,-0.65814,-0.093103,4,110,12,"{A,B} -> {E,F} -> {B,E} | {B,C} -> {C,D} -> {A,B} | {A,B} -> {B,C} -> {C,D} | {A,B} -> {B,E} -> {E,F} | {B,C} -> {A,B} -> {C,D}",1.199613,0.199613,0.97561,0.404762,0.081395,0.894214,0.429585,0.733333,0.75
1,108,branch,sliding_low_temporal_consensus_pair,sliding_window,temporal_consensus_pair,episode_boundaries_permuted,failed,overcapture_degradation;motif_loss;history_prediction_failure,430,290,84,0;0,0.0,0;0,0,0,0.0,0.0,0;0,0.858139534883721,0.1206896551724138,369,35,-0.85814,-0.12069,0,59,26,"{A,B} -> {A,B} -> {C,D} | {E,F} -> {E,F} -> {A,B} | {B,E} -> {A,B} -> {B,E} | {C,D} -> {E,F} -> {B,C} | {B,C} -> {B,E} -> {E,F}",1.199613,0.199613,0.228571,0.171053,0.094118,0.134454,0.281889,0.393333,0.321429
1,108,branch,sliding_low_temporal_consensus_pair,sliding_window,temporal_consensus_pair,global_label_permuted,failed,overcapture_degradation;motif_loss;history_prediction_degradation,430,290,32,0;0,0.0,0;0,0,0,0.0,0.0,0;0,0.4441860465116279,0.0,191,0,-0.444186,0.0,0,112,3,"{E,F} -> {E,H} -> {F,G} | {E,F} -> {A,B} -> {A,C} | {E,F} -> {E,H} -> {A,B}",1.199613,0.199613,0.928571,0.952381,0.232558,0.696013,0.49509,0.746667,0.75
1,108,branch,sliding_window_low_threshold,sliding_window,none,observed,degraded,overcapture_degradation;motif_degradation;history_prediction_degradation,459,319,50,45;48,0.75,45;48,45,93,0.9207920792079208,0.170792,2;1,0.7908496732026143,0.6614420062695925,363,211,0.129942,0.25935,2,101,6,"{A,B} -> {B,E} -> {E,F} | {A,B} -> {B,C} -> {C,D} | {A,B} -> {B,C,G} -> {B,C} | {B,C,G} -> {B,C} -> {C,D} | {A,B} -> {B,C} -> {B,C,E}",1.27604,0.27604,0.891892,0.829545,0.033708,0.858184,0.414544,0.564246,0.614286
1,108,branch,sliding_window_low_threshold,sliding_window,none,within_episode_permuted,failed,overcapture_degradation;motif_loss;history_prediction_degradation,459,319,64,7;10,0.116667,7;10,7,17,0.17,0.053333,10;2,0.7908496732026143,0.219435736677116,363,70,-0.62085,-0.049436,10,100,13,"{A,B} -> {C,D} -> {B,C} | {A,B} -> {B,E} -> {E,F} | {B,E} -> {E,F} -> {A,B} | {B,E} -> {A,B} -> {E,F} | {B,C} -> {C,D} -> {A,B}",1.280232,0.280232,0.871795,0.375,0.022472,0.849323,0.367169,0.558659,0.6
1,108,branch,sliding_window_low_threshold,sliding_window,none,episode_boundaries_permuted,failed,overcapture_degradation;motif_loss;history_prediction_failure,459,319,91,0;2,0.0,0;2,0,2,0.04,0.04,0;12,0.7908496732026143,0.10031347962382445,363,32,-0.75085,-0.060313,12,50,22,"{B,E} -> {B,C} -> {A,B} | {A,B} -> {B,E} -> {B,C} | {A,B} -> {A,B} -> {E,F} | {A,B} -> {A,B} -> {B,C} | {B,E} -> {B,E} -> {A,B}",1.27604,0.27604,0.241379,0.16092,0.021978,0.219401,0.24455,0.27933,0.157143
1,108,branch,sliding_window_low_threshold,sliding_window,none,global_label_permuted,failed,overcapture;motif_loss;history_prediction_degradation,459,319,50,0;0,0.0,0;0,0,0,0.0,0.0,0;0,0.030501089324618737,0.0,14,0,-0.030501,0.0,0,101,6,"{A,C,D} -> {B,F} -> {D,E,F} | {A,C,D} -> {B,H} -> {A,B,F} | {A,C,D} -> {F,H} -> {B,H} | {F,H} -> {B,H} -> {A,B,F} | {A,C,D} -> {B,H} -> {B,C}",1.619155,0.619155,0.891892,0.829545,0.224719,0.667173,0.414544,0.564246,0.614286
1,108,branch,union_temporal_consensus_pair,union_state_window,temporal_consensus_pair,observed,failed,coverage_degradation;motif_loss;history_prediction_failure,564,424,86,42;41,0.683333,42;41,41,83,0.5496688741721855,-0.133664,1;2,0.7695035460992907,0.49056603773584906,434,208,-0.219835,0.059103,2,151,24,"{A,B} -> {B,C} -> {C,D} | {A,B} -> {B,E} -> {E,F} | {A,B} -> {A,B} -> {B,E} | {B,C} -> {C,D} -> {C,D} | {B,E} -> {E,F} -> {E,F}",0.793292,0.0,0.684211,0.725664,0.066667,0.617544,0.347771,0.53169,0.521429
1,108,branch,union_temporal_consensus_pair,union_state_window,temporal_consensus_pair,within_episode_permuted,failed,coverage_degradation;motif_loss;history_prediction_failure,564,424,94,4;9,0.066667,4;9,4,13,0.10236220472440945,0.035695,13;5,0.7695035460992907,0.1792452830188679,434,76,-0.667141,-0.076883,13,127,24,"{E,F} -> {A,B} -> {B,E} | {B,E} -> {A,B} -> {E,F} | {C,D} -> {B,C} -> {A,B} | {B,E} -> {E,F} -> {A,B} | {A,B} -> {B,E} -> {E,F}",0.793292,0.0,0.552239,0.384615,0.07438,0.477859,0.295796,0.447183,0.328571
1,108,branch,union_temporal_consensus_pair,union_state_window,temporal_consensus_pair,episode_boundaries_permuted,failed,coverage_degradation;motif_loss;history_prediction_failure,564,424,119,2;3,0.033333,2;3,2,5,0.04716981132075472,0.013837,20;8,0.7695035460992907,0.09905660377358491,434,42,-0.722334,-0.051887,20,106,40,"{B,C} -> {A,B} -> {A,B} | {A,B} -> {C,D} -> {A,B} | {E,F} -> {B,C} -> {A,B} | {E,F} -> {C,D} -> {B,C} | {B,C} -> {C,D} -> {A,B}",0.793292,0.0,0.16,0.243243,0.108333,0.051667,0.254344,0.373239,0.042857
1,108,branch,union_temporal_consensus_pair,union_state_window,temporal_consensus_pair,global_label_permuted,failed,coverage_degradation;motif_loss;history_prediction_failure,564,424,86,0;0,0.0,0;0,0,0,0.0,0.0,0;0,0.3971631205673759,0.11320754716981132,224,48,-0.397163,-0.113208,0,151,24,"{B,C} -> {F,H} -> {C,H} | {B,C} -> {C,D} -> {A,C} | {B,C} -> {B,C} -> {C,D} | {F,H} -> {C,H} -> {C,H} | {C,D} -> {A,C} -> {A,C}",0.793292,0.0,0.684211,0.725664,0.033333,0.650877,0.347771,0.53169,0.521429
1,108,overlap,sliding_low_temporal_consensus_pair,sliding_window,temporal_consensus_pair,observed,degraded,overcapture_degradation;motif_degradation,604,404,34,56;56;52,0.866667,56;56;52,52,164,0.9879518072289156,0.121285,1;2;3,0.8973509933774835,0.849009900990099,542,343,0.090601,0.138942,3,166,4,"{A,B} -> {B,C} -> {E,F} | {A,B} -> {B,E} -> {E,F} | {A,B} -> {B,G} -> {E,F} | {A,B} -> {B,G} -> {B,E}",1.193592,0.193592,0.964286,0.965812,0.0,0.964286,0.534752,0.813725,0.82
1,108,overlap,sliding_low_temporal_consensus_pair,sliding_window,temporal_consensus_pair,within_episode_permuted,failed,overcapture_degradation;motif_loss;history_prediction_degradation,604,404,57,9;7;14,0.116667,9;7;14,7,30,0.18292682926829268,0.06626,9;14;2,0.8973509933774835,0.3118811881188119,542,126,-0.714424,-0.128954,14,164,18,"{E,F} -> {A,B} -> {B,E} | {A,B} -> {B,G} -> {E,F} | {A,B} -> {E,F} -> {B,C} | {B,C} -> {E,F} -> {A,B} | {B,G} -> {A,B} -> {E,F}",1.193592,0.193592,0.824561,0.508621,0.0,0.824561,0.489979,0.803922,0.81
1,108,overlap,sliding_low_temporal_consensus_pair,sliding_window,temporal_consensus_pair,episode_boundaries_permuted,failed,overcapture_degradation;motif_loss;history_prediction_failure,604,404,91,0;2;0,0.0,0;2;0,0,2,0.017241379310344827,0.017241,0;27;0,0.8973509933774835,0.1707920792079208,542,69,-0.88011,-0.153551,27,116,36,"{E,F} -> {E,F} -> {E,F} | {A,B} -> {A,B} -> {E,F} | {E,F} -> {A,B} -> {A,B} | {A,B} -> {A,B} -> {A,B} | {A,B} -> {E,F} -> {E,F}",1.193592,0.193592,0.372549,0.258929,0.205128,0.167421,0.390653,0.568627,0.48
1,108,overlap,sliding_low_temporal_consensus_pair,sliding_window,temporal_consensus_pair,global_label_permuted,failed,overcapture_degradation;motif_loss,604,404,34,0;0;0,0.0,0;0;0,0,0,0.0,0.0,0;0;0,0.029801324503311258,0.0,18,0,-0.029801,0.0,0,166,4,"{C,H} -> {D,F} -> {A,D} | {C,H} -> {D,E} -> {A,D} | {C,H} -> {F,H} -> {A,D} | {C,H} -> {F,H} -> {D,E}",1.193592,0.193592,0.964286,0.965812,0.153846,0.81044,0.534752,0.813725,0.82
1,108,overlap,sliding_window_low_threshold,sliding_window,none,observed,degraded,overcapture_degradation;motif_degradation;history_prediction_degradation,649,449,62,45;50;46,0.75,45;50;46,45,141,0.9215686274509803,0.171569,3;1;2,0.8289676425269645,0.6993318485523385,538,314,0.092601,0.222237,3,153,9,"{A,B} -> {B,E} -> {E,F} | {A,B} -> {B,G} -> {E,F} | {A,B} -> {B,C} -> {E,F} | {E,F} -> {B,E,F} -> {E,F} | {A,B} -> {A,B,F} -> {B,C}",1.273466,0.273466,0.9,0.918699,0.008065,0.891935,0.450379,0.614458,0.68
1,108,overlap,sliding_window_low_threshold,sliding_window,none,within_episode_permuted,failed,overcapture_degradation;motif_loss;history_prediction_degradation,649,449,79,10;13;5,0.083333,10;13;5,5,28,0.1830065359477124,0.099674,5;2;16,0.8289676425269645,0.24053452115812918,538,108,-0.645961,-0.057528,16,153,22,"{B,G} -> {E,F} -> {A,B} | {A,B} -> {B,E} -> {E,F} | {B,G} -> {A,B} -> {E,F} | {B,C} -> {E,F} -> {A,B} | {A,B} -> {B,C} -> {E,F}",1.276173,0.276173,0.77193,0.47541,0.0,0.77193,0.421661,0.614458,0.67
1,108,overlap,sliding_window_low_threshold,sliding_window,none,episode_boundaries_permuted,failed,overcapture_degradation;motif_loss;history_prediction_failure,649,449,107,2;2;3,0.033333,2;2;3,2,7,0.0603448275862069,0.027012,32;36;9,0.8289676425269645,0.16926503340757237,538,76,-0.768623,-0.10892,36,116,39,"{A,B} -> {A,B} -> {A,B} | {E,F} -> {A,B} -> {A,B} | {E,F} -> {E,F} -> {A,B} | {E,F} -> {A,B} -> {E,F} | {E,F} -> {B,G} -> {E,F}",1.273466,0.273466,0.285714,0.269565,0.0,0.285714,0.35468,0.465863,0.275
1,108,overlap,sliding_window_low_threshold,sliding_window,none,global_label_permuted,failed,overcapture_degradation;motif_loss;history_prediction_degradation,649,449,62,0;0;0,0.0,0;0;0,0,0,0.0,0.0,0;0;0,0.11093990755007704,0.0,72,0,-0.11094,0.0,0,153,9,"{A,D} -> {B,C} -> {C,E} | {A,D} -> {C,H} -> {C,E} | {A,D} -> {A,F} -> {C,E} | {C,E} -> {C,E,F} -> {C,E} | {A,D} -> {B,D} -> {A,F}",1.297834,0.297834,0.9,0.918699,0.008065,0.891935,0.450379,0.614458,0.68
1,108,overlap,union_temporal_consensus_pair,union_state_window,temporal_consensus_pair,observed,failed,coverage_degradation;motif_loss;history_prediction_failure,790,590,117,39;44;47,0.65,39;44;47,39,130,0.5803571428571429,-0.069643,3;2;1,0.7987341772151899,0.5491525423728814,631,324,-0.218377,0.031205,3,224,35,"{A,B} -> {B,G} -> {E,F} | {A,B} -> {B,E} -> {E,F} | {A,B} -> {B,C} -> {E,F} | {B,E} -> {E,F} -> {E,F} | {A,B} -> {A,B} -> {B,C}",0.798285,0.0,0.604396,0.716981,0.076923,0.527473,0.381192,0.574359,0.53
1,108,overlap,union_temporal_consensus_pair,union_state_window,temporal_consensus_pair,within_episode_permuted,failed,coverage_degradation;motif_loss;history_prediction_failure,790,590,132,6;8;7,0.1,6;8;7,6,21,0.10714285714285714,0.007143,14;7;13,0.7987341772151899,0.1711864406779661,631,101,-0.691591,-0.064044,14,196,41,"{E,F} -> {B,C} -> {A,B} | {B,E} -> {A,B} -> {E,F} | {E,F} -> {B,G} -> {A,B} | {B,G} -> {E,F} -> {A,B} | {E,F} -> {B,E} -> {A,B}",0.798285,0.0,0.516484,0.35,0.064327,0.452156,0.337991,0.502564,0.39
1,108,overlap,union_temporal_consensus_pair,union_state_window,temporal_consensus_pair,episode_boundaries_permuted,failed,coverage_degradation;motif_loss;history_prediction_failure,790,590,146,2;5;2,0.033333,2;5;2,2,9,0.05084745762711865,0.017514,33;11;46,0.7987341772151899,0.15084745762711865,631,89,-0.747887,-0.1,46,177,50,"{E,F} -> {E,F} -> {E,F} | {A,B} -> {A,B} -> {E,F} | {E,F} -> {A,B} -> {E,F} | {B,E} -> {A,B} -> {E,F} | {B,G} -> {E,F} -> {A,B}",0.798285,0.0,0.2375,0.191083,0.19883,0.03867,0.313037,0.453846,0.155
1,108,overlap,union_temporal_consensus_pair,union_state_window,temporal_consensus_pair,global_label_permuted,failed,coverage_degradation;motif_loss;history_prediction_failure,790,590,117,0;0;0,0.0,0;0;0,0,0,0.0,0.0,0;0;0,0.2936708860759494,0.003389830508474576,232,2,-0.293671,-0.00339,0,224,35,"{B,C} -> {F,G} -> {A,C} | {B,C} -> {C,D} -> {A,C} | {B,C} -> {F,H} -> {A,C} | {C,D} -> {A,C} -> {A,C} | {B,C} -> {B,C} -> {F,H}",0.798285,0.0,0.604396,0.716981,0.011834,0.592561,0.381192,0.574359,0.53
2,209,branch,sliding_low_temporal_consensus_pair,sliding_window,temporal_consensus_pair,observed,degraded,overcapture_degradation;motif_degradation,429,289,35,53;54,0.883333,53;54,53,107,0.963963963963964,0.080631,2;1,0.8531468531468531,0.7854671280276817,366,227,0.110817,0.178497,2,111,4,"{A,B} -> {B,E} -> {E,F} | {A,B} -> {B,C} -> {C,D} | {A,B} -> {B,D} -> {B,E} | {B,D} -> {B,E} -> {E,F}",1.198471,0.198471,0.975,0.975904,0.0,0.975,0.489828,0.744966,0.778571
2,209,branch,sliding_low_temporal_consensus_pair,sliding_window,temporal_consensus_pair,within_episode_permuted,failed,overcapture_degradation;motif_loss;history_prediction_degradation,429,289,49,8;11,0.133333,8;11,8,19,0.17272727272727273,0.039394,9;4,0.8531468531468531,0.30103806228373703,366,87,-0.68042,-0.128311,9,110,12,"{B,C} -> {C,D} -> {A,B} | {C,D} -> {A,B} -> {B,C} | {A,B} -> {E,F} -> {B,E} | {A,B} -> {B,E} -> {E,F} | {A,B} -> {C,D} -> {B,C}",1.198471,0.198471,0.853659,0.463415,0.228916,0.624743,0.428455,0.738255,0.764286
2,209,branch,sliding_low_temporal_consensus_pair,sliding_window,temporal_consensus_pair,episode_boundaries_permuted,failed,overcapture_degradation;motif_loss;history_prediction_failure;no_event_advantage_over_static,429,289,75,0;2,0.0,0;2,0,2,0.05128205128205128,0.051282,0;16,0.8531468531468531,0.11418685121107267,366,33,-0.801865,-0.062905,16,39,17,"{B,C} -> {A,B} -> {E,F} | {B,C} -> {A,B} -> {A,B} | {A,B} -> {B,C} -> {A,B} | {A,B} -> {A,B} -> {C,D} | {E,F} -> {A,B} -> {A,B}",1.198471,0.198471,0.04,0.236842,0.1625,-0.1225,0.23862,0.261745,0.192857
2,209,branch,sliding_low_temporal_consensus_pair,sliding_window,temporal_consensus_pair,global_label_permuted,failed,overcapture_degradation;motif_loss,429,289,35,0;0,0.0,0;0,0,0,0.0,0.0,0;0,0.1794871794871795,0.0,77,0,-0.179487,0.0,0,111,4,"{F,G} -> {C,F} -> {D,H} | {F,G} -> {B,C} -> {A,D} | {F,G} -> {B,E} -> {C,F} | {B,E} -> {C,F} -> {D,H}",1.198471,0.198471,0.975,0.975904,0.0,0.975,0.489828,0.744966,0.778571
2,209,branch,sliding_window_low_threshold,sliding_window,none,observed,degraded,overcapture_degradation;motif_degradation;history_prediction_degradation,464,324,61,45;45,0.75,45;45,45,90,0.8181818181818182,0.068182,2;1,0.7823275862068966,0.6481481481481481,363,210,0.035854,0.170034,2,110,11,"{A,B} -> {B,E} -> {E,F} | {A,B} -> {B,C} -> {C,D} | {B,C,F} -> {B,C} -> {C,D} | {A,B,C} -> {B,C} -> {C,D} | {A,B} -> {B,C,E} -> {B,E}",1.282255,0.282255,0.8,0.858696,0.0,0.8,0.42119,0.597826,0.657143
2,209,branch,sliding_window_low_threshold,sliding_window,none,within_episode_permuted,failed,overcapture_degradation;motif_loss;history_prediction_degradation,464,324,67,10;5,0.083333,10;5,5,15,0.15306122448979592,0.069728,4;11,0.7823275862068966,0.24074074074074073,363,78,-0.629266,-0.08768,11,98,13,"{E,F} -> {A,B} -> {B,E} | {C,D} -> {A,B} -> {B,C} | {B,E} -> {A,B} -> {E,F} | {A,B} -> {B,C} -> {C,D} | {C,D} -> {B,C} -> {A,B}",1.28799,0.28799,0.795455,0.461538,0.0,0.795455,0.356654,0.532609,0.585714
2,209,branch,sliding_window_low_threshold,sliding_window,none,episode_boundaries_permuted,failed,overcapture_degradation;motif_loss;history_prediction_failure,464,324,88,0;0,0.0,0;0,0,0,0.0,0.0,0;0,0.7823275862068966,0.11419753086419752,363,37,-0.782328,-0.114198,0,52,21,"{A,B} -> {C,D} -> {E,F} | {B,E} -> {E,F} -> {B,E} | {C,D} -> {B,C} -> {A,B} | {A,B} -> {A,B} -> {B,C} | {A,B} -> {A,B} -> {B,E}",1.282255,0.282255,0.074074,0.152941,0.0,0.074074,0.247715,0.282609,0.128571
2,209,branch,sliding_window_low_threshold,sliding_window,none,global_label_permuted,failed,overcapture;motif_loss;history_prediction_degradation,464,324,61,0;0,0.0,0;0,0,0,0.0,0.0,0;0,0.03017241379310345,0.0,14,0,-0.030172,0.0,0,110,11,"{G,H} -> {D,H} -> {A,B,C} | {G,H} -> {A,B,G} -> {A,D,G} | {A,D} -> {A,B,G} -> {A,D,G} | {A,B,H} -> {A,B,G} -> {A,D,G} | {G,H} -> {E,G} -> {D,H}",1.572157,0.572157,0.8,0.858696,0.0,0.8,0.42119,0.597826,0.657143
2,209,branch,union_temporal_consensus_pair,union_state_window,temporal_consensus_pair,observed,failed,coverage_degradation;motif_loss;history_prediction_failure,558,418,103,38;41,0.633333,38;41,38,79,0.5337837837837838,-0.099549,2;1,0.7741935483870968,0.49760765550239233,432,208,-0.24041,0.036176,2,148,28,"{A,B} -> {B,E} -> {E,F} | {A,B} -> {B,C} -> {C,D} | {B,C} -> {C,D} -> {C,D} | {B,E} -> {E,F} -> {E,F} | {A,B} -> {A,B} -> {B,C}",0.803441,0.0,0.607143,0.745098,0.034783,0.57236,0.347942,0.532374,0.485714
2,209,branch,union_temporal_consensus_pair,union_state_window,temporal_consensus_pair,within_episode_permuted,failed,coverage_degradation;motif_loss;history_prediction_failure,558,418,92,10;10,0.166667,10;10,10,20,0.15037593984962405,-0.016291,3;2,0.7741935483870968,0.20334928229665072,432,85,-0.623818,-0.052973,3,133,31,"{B,E} -> {A,B} -> {E,F} | {A,B} -> {B,E} -> {E,F} | {A,B} -> {B,C} -> {C,D} | {A,B} -> {C,D} -> {B,C} | {B,E} -> {E,F} -> {A,B}",0.803441,0.0,0.563636,0.460784,0.078261,0.485375,0.308363,0.478417,0.364286
2,209,branch,union_temporal_consensus_pair,union_state_window,temporal_consensus_pair,episode_boundaries_permuted,failed,coverage_degradation;motif_loss;history_prediction_failure,558,418,120,0;0,0.0,0;0,0,0,0.0,0.0,0;0,0.7741935483870968,0.09090909090909091,432,38,-0.774194,-0.090909,0,98,40,"{B,C} -> {B,E} -> {A,B} | {A,B} -> {A,B} -> {B,E} | {C,D} -> {B,E} -> {A,B} | {B,E} -> {E,F} -> {A,B} | {A,B} -> {A,B} -> {C,D}",0.803441,0.0,0.093023,0.174312,0.086957,0.006067,0.247715,0.352518,0.05
2,209,branch,union_temporal_consensus_pair,union_state_window,temporal_consensus_pair,global_label_permuted,failed,coverage_degradation;motif_loss;history_prediction_failure,558,418,103,0;0,0.0,0;0,0,0,0.0,0.0,0;0,0.044802867383512544,0.004784688995215311,25,2,-0.044803,-0.004785,0,148,28,"{C,F} -> {B,G} -> {D,F} | {C,F} -> {F,G} -> {A,D} | {F,G} -> {A,D} -> {A,D} | {B,G} -> {D,F} -> {D,F} | {C,F} -> {C,F} -> {F,G}",0.803441,0.0,0.607143,0.745098,0.017391,0.589752,0.347942,0.532374,0.485714
2,209,overlap,sliding_low_temporal_consensus_pair,sliding_window,temporal_consensus_pair,observed,degraded,overcapture_degradation;motif_degradation,610,410,37,59;56;55,0.916667,59;56;55,55,170,0.9770114942528736,0.060344,1;2;3,0.9147540983606557,0.8560975609756097,558,351,0.062257,0.120914,3,174,5,"{A,B} -> {B,C} -> {E,F} | {A,B} -> {B,E} -> {E,F} | {A,B} -> {B,G} -> {E,F} | {A,B} -> {B,G} -> {B,E} | {B,G} -> {B,E} -> {E,F}",1.200624,0.200624,0.95082,0.966942,0.008065,0.942755,0.54501,0.828571,0.84
2,209,overlap,sliding_low_temporal_consensus_pair,sliding_window,temporal_consensus_pair,within_episode_permuted,failed,overcapture_degradation;motif_loss;history_prediction_degradation,610,410,53,10;12;5,0.083333,10;12;5,5,27,0.15606936416184972,0.072736,8;4;18,0.9147540983606557,0.28536585365853656,558,117,-0.758685,-0.129296,18,173,18,"{A,B} -> {E,F} -> {B,C} | {B,E} -> {E,F} -> {A,B} | {B,G} -> {A,B} -> {E,F} | {A,B} -> {B,E} -> {E,F} | {B,C} -> {A,B} -> {E,F}",1.200624,0.200624,0.741935,0.512195,0.064516,0.677419,0.506366,0.82381,0.83
2,209,overlap,sliding_low_temporal_consensus_pair,sliding_window,temporal_consensus_pair,episode_boundaries_permuted,failed,overcapture_degradation;motif_loss;history_prediction_failure;no_event_advantage_over_static,610,410,96,2;0;2,0.0,2;0;2,0,4,0.029850746268656716,0.029851,42;0;36,0.9147540983606557,0.1951219512195122,558,80,-0.884903,-0.165271,42,134,43,"{E,F} -> {E,F} -> {A,B} | {A,B} -> {E,F} -> {E,F} | {A,B} -> {E,F} -> {A,B} | {E,F} -> {B,G} -> {A,B} | {A,B} -> {B,C} -> {A,B}",1.200624,0.200624,0.188679,0.333333,0.218487,-0.029808,0.419674,0.638095,0.59
2,209,overlap,sliding_low_temporal_consensus_pair,sliding_window,temporal_consensus_pair,global_label_permuted,failed,overcapture_degradation;motif_loss,610,410,37,0;0;0,0.0,0;0;0,0,0,0.0,0.0,0;0;0,0.11967213114754098,0.0,73,0,-0.119672,0.0,0,174,5,"{C,F} -> {E,H} -> {D,F} | {C,F} -> {B,G} -> {D,F} | {C,F} -> {B,H} -> {D,F} | {C,F} -> {B,H} -> {B,G} | {B,H} -> {B,G} -> {D,F}",1.200624,0.200624,0.95082,0.966942,0.0,0.95082,0.54501,0.828571,0.84
2,209,overlap,sliding_window_low_threshold,sliding_window,none,observed,degraded,overcapture_degradation;motif_degradation;history_prediction_degradation,654,454,60,49;52;45,0.75,49;52;45,45,146,0.9605263157894737,0.210526,2;1;3,0.845565749235474,0.7202643171806168,553,327,0.114961,0.240262,3,152,6,"{A,B} -> {B,E} -> {E,F} | {A,B} -> {B,C} -> {E,F} | {A,B} -> {B,G} -> {E,F} | {A,B} -> {B,G} -> {B,E,G} | {B,G} -> {B,E,G} -> {E,F}",1.27597,0.27597,0.827586,0.853659,0.007634,0.819953,0.453761,0.598425,0.7
2,209,overlap,sliding_window_low_threshold,sliding_window,none,within_episode_permuted,failed,overcapture_degradation;motif_loss;history_prediction_degradation,654,454,70,9;11;7,0.116667,9;11;7,7,27,0.17532467532467533,0.058658,9;4;13,0.845565749235474,0.2599118942731278,553,118,-0.670241,-0.084587,13,154,19,"{B,C} -> {E,F} -> {A,B} | {B,G} -> {A,B} -> {E,F} | {B,E} -> {A,B} -> {E,F} | {A,B} -> {B,E} -> {E,F} | {A,B} -> {E,F} -> {B,E}",1.282657,0.282657,0.758621,0.46281,0.0,0.758621,0.427914,0.606299,0.69
2,209,overlap,sliding_window_low_threshold,sliding_window,none,episode_boundaries_permuted,failed,overcapture_degradation;motif_loss;history_prediction_failure,654,454,104,0;2;0,0.0,0;2;0,0,2,0.016666666666666666,0.016667,0;24;0,0.845565749235474,0.1299559471365639,553,59,-0.828899,-0.113289,24,120,35,"{A,B} -> {E,F} -> {A,B} | {A,B} -> {A,B} -> {A,B} | {E,F} -> {E,F} -> {E,F} | {A,B} -> {A,B} -> {E,F} | {E,F} -> {A,B} -> {E,F}",1.27597,0.27597,0.226415,0.20339,0.0,0.226415,0.364784,0.472441,0.285
2,209,overlap,sliding_window_low_threshold,sliding_window,none,global_label_permuted,failed,overcapture;motif_loss;history_prediction_degradation,654,454,60,0;0;0,0.0,0;0;0,0,0,0.0,0.0,0;0;0,0.022935779816513763,0.0,15,0,-0.022936,0.0,0,152,6,"{A,B,F} -> {E,F,G,H} -> {B,C,G} | {A,B,F} -> {D,E} -> {B,C,G} | {A,B,F} -> {D,G} -> {B,C,G} | {A,B,F} -> {D,G} -> {B,C} | {D,G} -> {B,C} -> {B,C,G}",1.748105,0.748105,0.827586,0.853659,0.0,0.827586,0.453761,0.598425,0.7
2,209,overlap,union_temporal_consensus_pair,union_state_window,temporal_consensus_pair,observed,failed,coverage_degradation;motif_loss;history_prediction_failure,793,593,126,38;39;42,0.633333,38;39;42,38,119,0.5560747663551402,-0.077258,3;2;1,0.8133669609079445,0.5278246205733558,645,313,-0.257292,0.02825,3,214,35,"{A,B} -> {B,G} -> {E,F} | {A,B} -> {B,E} -> {E,F} | {A,B} -> {B,C} -> {E,F} | {A,B} -> {A,B} -> {B,C} | {A,B} -> {B,G} -> {B,G}",0.799376,0.0,0.553191,0.648485,0.082353,0.470839,0.368745,0.544529,0.515
2,209,overlap,union_temporal_consensus_pair,union_state_window,temporal_consensus_pair,within_episode_permuted,failed,coverage_degradation;motif_loss;history_prediction_failure,793,593,125,13;7;7,0.116667,13;7;7,7,27,0.13636363636363635,0.019697,1;12;10,0.8133669609079445,0.22259696458684655,645,132,-0.677003,-0.086233,12,198,39,"{A,B} -> {B,C} -> {E,F} | {E,F} -> {A,B} -> {B,C} | {B,E} -> {E,F} -> {A,B} | {E,F} -> {B,G} -> {A,B} | {E,F} -> {B,E} -> {A,B}",0.799376,0.0,0.516484,0.364198,0.052941,0.463542,0.34068,0.503817,0.4
2,209,overlap,union_temporal_consensus_pair,union_state_window,temporal_consensus_pair,episode_boundaries_permuted,failed,coverage_degradation;motif_loss;history_prediction_failure,793,593,158,0;3;3,0.0,0;3;3,0,6,0.03296703296703297,0.032967,0;21;24,0.8133669609079445,0.1467116357504216,645,87,-0.7804,-0.113745,24,182,56,"{A,B} -> {E,F} -> {A,B} | {A,B} -> {A,B} -> {E,F} | {E,F} -> {A,B} -> {A,B} | {E,F} -> {A,B} -> {E,F} | {A,B} -> {E,F} -> {E,F}",0.799376,0.0,0.180723,0.294479,0.164706,0.016017,0.316475,0.463104,0.11
2,209,overlap,union_temporal_consensus_pair,union_state_window,temporal_consensus_pair,global_label_permuted,failed,coverage_degradation;motif_loss;history_prediction_failure,793,593,126,0;0;0,0.0,0;0;0,0,0,0.0,0.0,0;0;0,0.12862547288776796,0.0,102,0,-0.128625,0.0,0,214,35,"{C,F} -> {B,H} -> {D,F} | {C,F} -> {B,G} -> {D,F} | {C,F} -> {F,G} -> {D,F} | {C,F} -> {C,F} -> {F,G} | {C,F} -> {B,H} -> {B,H}",0.799376,0.0,0.553191,0.648485,0.070588,0.482603,0.368745,0.544529,0.515
