from_event,to_event,delta_t,shared_participants,changed_participants,weight,episode_id,context,from_label,to_label
event_00000,event_00001,4,,"U11,U18,U27,U34",1,episode_0000,CTX_0000,"{U11,U18}","{U27,U34}"
event_00001,event_00002,4,,"U14,U27,U31,U34",1,episode_0000,CTX_0000,"{U27,U34}","{U14,U31}"
event_00002,event_00003,1,U31,"U04,U14",1,episode_0000,CTX_0000,"{U14,U31}","{U04,U31}"
event_00004,event_00005,1,,"U02,U06,U08,U35",1,episode_0001,CTX_0001,"{U02,U06}","{U08,U35}"
event_00005,event_00006,5,,"U08,U28,U35,U38",1,episode_0001,CTX_0001,"{U08,U35}","{U28,U38}"
event_00006,event_00007,5,,"U23,U27,U28,U38",1,episode_0001,CTX_0001,"{U28,U38}","{U23,U27}"
event_00008,event_00009,2,,"U08,U12,U13,U14",1,episode_0002,CTX_0002,"{U08,U13}","{U12,U14}"
event_00009,event_00010,4,,"U03,U05,U12,U14",1,episode_0002,CTX_0002,"{U12,U14}","{U03,U05}"
event_00010,event_00011,4,,"U00,U03,U05,U38",1,episode_0002,CTX_0002,"{U03,U05}","{U00,U38}"
event_00011,event_00012,1,U38,"U00,U36",1,episode_0002,CTX_0002,"{U00,U38}","{U36,U38}"
event_00013,event_00014,1,U39,"U20,U25",1,episode_0003,CTX_0003,"{U20,U39}","{U25,U39}"
event_00014,event_00015,4,U39,"U04,U25",1,episode_0003,CTX_0003,"{U25,U39}","{U04,U39}"
event_00015,event_00016,4,,"U04,U09,U36,U39",1,episode_0003,CTX_0003,"{U04,U39}","{U09,U36}"
event_00017,event_00018,2,"U00,U10",,1,episode_0004,CTX_0004,"{U00,U10}","{U00,U10}"
event_00018,event_00019,4,,"U00,U10,U13,U22",1,episode_0004,CTX_0004,"{U00,U10}","{U13,U22}"
event_00019,event_00020,4,,"U13,U17,U22,U24",1,episode_0004,CTX_0004,"{U13,U22}","{U17,U24}"
event_00020,event_00021,1,U24,"U17,U28",1,episode_0004,CTX_0004,"{U17,U24}","{U24,U28}"
event_00022,event_00023,2,U36,"U04,U05",1,episode_0005,CTX_0005,"{U04,U36}","{U05,U36}"
event_00023,event_00024,4,,"U05,U07,U14,U36",1,episode_0005,CTX_0005,"{U05,U36}","{U07,U14}"
event_00024,event_00025,4,,"U05,U07,U14,U38",1,episode_0005,CTX_0005,"{U07,U14}","{U05,U38}"
event_00025,event_00026,1,U05,"U33,U38",1,episode_0005,CTX_0005,"{U05,U38}","{U05,U33}"
event_00027,event_00028,1,U01,"U27,U38",1,episode_0006,CTX_0006,"{U01,U27}","{U01,U38}"
event_00028,event_00029,3,,"U01,U04,U23,U38",1,episode_0006,CTX_0006,"{U01,U38}","{U04,U23}"
event_00029,event_00030,1,U04,"U20,U23",1,episode_0006,CTX_0006,"{U04,U23}","{U04,U20}"
event_00030,event_00031,1,U20,"U04,U16",1,episode_0006,CTX_0006,"{U04,U20}","{U16,U20}"
event_00031,event_00032,3,,"U08,U15,U16,U20",1,episode_0006,CTX_0006,"{U16,U20}","{U08,U15}"
event_00033,event_00034,4,,"U02,U04,U06,U12",1,episode_0007,CTX_0007,"{U04,U12}","{U02,U06}"
event_00034,event_00035,4,,"U02,U06,U15,U21",1,episode_0007,CTX_0007,"{U02,U06}","{U15,U21}"
event_00036,event_00037,1,U20,"U00,U01",1,episode_0008,CTX_0008,"{U00,U20}","{U01,U20}"
event_00037,event_00038,4,,"U01,U20,U37,U38",1,episode_0008,CTX_0008,"{U01,U20}","{U37,U38}"
event_00038,event_00039,4,U38,"U25,U37",1,episode_0008,CTX_0008,"{U37,U38}","{U25,U38}"
event_00039,event_00040,1,U25,"U32,U38",1,episode_0008,CTX_0008,"{U25,U38}","{U25,U32}"
event_00041,event_00042,3,,"U07,U30,U31,U33",1,episode_0009,CTX_0009,"{U31,U33}","{U07,U30}"
event_00042,event_00043,1,U07,"U09,U30",1,episode_0009,CTX_0009,"{U07,U30}","{U07,U09}"
event_00043,event_00044,4,,"U07,U09,U12,U34",1,episode_0009,CTX_0009,"{U07,U09}","{U12,U34}"
event_00045,event_00046,4,,"U06,U17,U31,U33",1,episode_0010,CTX_0010,"{U06,U33}","{U17,U31}"
event_00046,event_00047,5,,"U17,U24,U31,U32",1,episode_0010,CTX_0010,"{U17,U31}","{U24,U32}"
event_00048,event_00049,5,,"U25,U28,U33,U36",1,episode_0011,CTX_0011,"{U33,U36}","{U25,U28}"
event_00049,event_00050,4,,"U08,U25,U28,U38",1,episode_0011,CTX_0011,"{U25,U28}","{U08,U38}"
event_00051,event_00052,1,U30,"U07,U16",1,episode_0012,CTX_0012,"{U07,U30}","{U16,U30}"
event_00052,event_00053,1,,"U16,U30,U31,U39",1,episode_0012,CTX_0012,"{U16,U30}","{U31,U39}"
event_00053,event_00054,4,,"U30,U31,U33,U39",1,episode_0012,CTX_0012,"{U31,U39}","{U30,U33}"
event_00054,event_00055,5,,"U28,U30,U33,U36",1,episode_0012,CTX_0012,"{U30,U33}","{U28,U36}"
event_00056,event_00057,4,,"U22,U27,U30,U35",1,episode_0013,CTX_0013,"{U27,U30}","{U22,U35}"
event_00057,event_00058,2,,"U20,U22,U33,U35",1,episode_0013,CTX_0013,"{U22,U35}","{U20,U33}"
event_00058,event_00059,4,,"U20,U29,U33,U37",1,episode_0013,CTX_0013,"{U20,U33}","{U29,U37}"
event_00060,event_00061,4,,"U14,U17,U28,U38",1,episode_0014,CTX_0014,"{U17,U38}","{U14,U28}"
event_00061,event_00062,5,,"U00,U04,U14,U28",1,episode_0014,CTX_0014,"{U14,U28}","{U00,U04}"
event_00063,event_00064,1,U06,"U07,U22",1,episode_0015,CTX_0015,"{U06,U07}","{U06,U22}"
event_00064,event_00065,4,,"U06,U18,U22,U28",1,episode_0015,CTX_0015,"{U06,U22}","{U18,U28}"
event_00065,event_00066,4,,"U14,U18,U21,U28",1,episode_0015,CTX_0015,"{U18,U28}","{U14,U21}"
event_00067,event_00068,1,U19,"U10,U36",1,episode_0016,CTX_0016,"{U19,U36}","{U10,U19}"
event_00068,event_00069,4,,"U10,U19,U21,U35",1,episode_0016,CTX_0016,"{U10,U19}","{U21,U35}"
event_00069,event_00070,1,U21,"U18,U35",1,episode_0016,CTX_0016,"{U21,U35}","{U18,U21}"
event_00070,event_00071,4,,"U09,U18,U21,U22",1,episode_0016,CTX_0016,"{U18,U21}","{U09,U22}"
event_00072,event_00073,4,,"U02,U13,U18,U33",1,episode_0017,CTX_0017,"{U02,U18}","{U13,U33}"
event_00073,event_00074,4,,"U04,U13,U14,U33",1,episode_0017,CTX_0017,"{U13,U33}","{U04,U14}"
event_00075,event_00076,1,,"U01,U04,U24,U33",1,episode_0018,CTX_0018,"{U04,U24}","{U01,U33}"
event_00076,event_00077,2,,"U01,U33,U34,U37",1,episode_0018,CTX_0018,"{U01,U33}","{U34,U37}"
event_00077,event_00078,2,,"U14,U26,U34,U37",1,episode_0018,CTX_0018,"{U34,U37}","{U14,U26}"
event_00078,event_00079,4,U26,"U02,U14",1,episode_0018,CTX_0018,"{U14,U26}","{U02,U26}"
event_00080,event_00081,1,U36,"U20,U38",1,episode_0019,CTX_0019,"{U36,U38}","{U20,U36}"
event_00081,event_00082,4,,"U20,U32,U36,U38",1,episode_0019,CTX_0019,"{U20,U36}","{U32,U38}"
event_00082,event_00083,5,,"U19,U32,U35,U38",1,episode_0019,CTX_0019,"{U32,U38}","{U19,U35}"
event_00084,event_00085,4,,"U18,U21,U27,U29",1,episode_0020,CTX_0020,"{U21,U29}","{U18,U27}"
event_00085,event_00086,4,,"U03,U04,U18,U27",1,episode_0020,CTX_0020,"{U18,U27}","{U03,U04}"
event_00087,event_00088,2,U13,"U17,U38",1,episode_0021,CTX_0021,"{U13,U38}","{U13,U17}"
event_00088,event_00089,4,,"U13,U17,U20,U39",1,episode_0021,CTX_0021,"{U13,U17}","{U20,U39}"
event_00089,event_00090,4,,"U15,U20,U30,U39",1,episode_0021,CTX_0021,"{U20,U39}","{U15,U30}"
event_00090,event_00091,1,U15,"U10,U30",1,episode_0021,CTX_0021,"{U15,U30}","{U10,U15}"
event_00092,event_00093,1,,"U05,U07,U24,U38",1,episode_0022,CTX_0022,"{U07,U24}","{U05,U38}"
event_00093,event_00094,4,,"U04,U05,U22,U38",1,episode_0022,CTX_0022,"{U05,U38}","{U04,U22}"
event_00094,event_00095,4,U22,"U04,U20",1,episode_0022,CTX_0022,"{U04,U22}","{U20,U22}"
event_00095,event_00096,1,U22,"U02,U20",1,episode_0022,CTX_0022,"{U20,U22}","{U02,U22}"
event_00097,event_00098,2,,"U04,U12,U26,U34",1,episode_0023,CTX_0023,"{U04,U12}","{U26,U34}"
event_00098,event_00099,4,,"U00,U01,U26,U34",1,episode_0023,CTX_0023,"{U26,U34}","{U00,U01}"
event_00099,event_00100,2,,"U00,U01,U19,U23",1,episode_0023,CTX_0023,"{U00,U01}","{U19,U23}"
event_00100,event_00101,3,,"U07,U12,U19,U23",1,episode_0023,CTX_0023,"{U19,U23}","{U07,U12}"
event_00102,event_00103,1,U29,"U19,U36",1,episode_0024,CTX_0024,"{U29,U36}","{U19,U29}"
event_00103,event_00104,4,,"U18,U19,U29,U30",1,episode_0024,CTX_0024,"{U19,U29}","{U18,U30}"
event_00104,event_00105,4,,"U18,U19,U30,U31",1,episode_0024,CTX_0024,"{U18,U30}","{U19,U31}"
event_00106,event_00107,1,U02,"U01,U36",1,episode_0025,CTX_0025,"{U02,U36}","{U01,U02}"
event_00107,event_00108,4,,"U01,U02,U27,U36",1,episode_0025,CTX_0025,"{U01,U02}","{U27,U36}"
event_00108,event_00109,4,,"U02,U23,U27,U36",1,episode_0025,CTX_0025,"{U27,U36}","{U02,U23}"
event_00110,event_00111,1,U23,"U18,U38",1,episode_0026,CTX_0026,"{U23,U38}","{U18,U23}"
event_00111,event_00112,5,,"U07,U18,U23,U31",1,episode_0026,CTX_0026,"{U18,U23}","{U07,U31}"
event_00112,event_00113,4,,"U07,U10,U31,U34",1,episode_0026,CTX_0026,"{U07,U31}","{U10,U34}"
event_00114,event_00115,1,,"U13,U34,U37,U38",1,episode_0027,CTX_0027,"{U37,U38}","{U13,U34}"
event_00115,event_00116,4,,"U13,U18,U32,U34",1,episode_0027,CTX_0027,"{U13,U34}","{U18,U32}"
event_00116,event_00117,4,,"U18,U22,U32,U38",1,episode_0027,CTX_0027,"{U18,U32}","{U22,U38}"
event_00118,event_00119,1,U36,"U19,U34",1,episode_0028,CTX_0028,"{U19,U36}","{U34,U36}"
event_00119,event_00120,4,,"U05,U23,U34,U36",1,episode_0028,CTX_0028,"{U34,U36}","{U05,U23}"
event_00120,event_00121,1,U23,"U05,U39",1,episode_0028,CTX_0028,"{U05,U23}","{U23,U39}"
event_00121,event_00122,5,,"U23,U26,U37,U39",1,episode_0028,CTX_0028,"{U23,U39}","{U26,U37}"
event_00123,event_00124,1,U06,"U05,U07",1,episode_0029,CTX_0029,"{U06,U07}","{U05,U06}"
event_00124,event_00125,1,U06,"U05,U07",1,episode_0029,CTX_0029,"{U05,U06}","{U06,U07}"
event_00125,event_00126,5,,"U06,U07,U12,U26",1,episode_0029,CTX_0029,"{U06,U07}","{U12,U26}"
event_00126,event_00127,3,,"U12,U23,U26,U36",1,episode_0029,CTX_0029,"{U12,U26}","{U23,U36}"
event_00127,event_00128,1,U36,"U08,U23",1,episode_0029,CTX_0029,"{U23,U36}","{U08,U36}"
event_00129,event_00130,2,,"U10,U11,U19,U27",1,episode_0030,CTX_0030,"{U10,U27}","{U11,U19}"
event_00130,event_00131,4,U11,"U19,U22",1,episode_0030,CTX_0030,"{U11,U19}","{U11,U22}"
event_00131,event_00132,1,U22,"U02,U11",1,episode_0030,CTX_0030,"{U11,U22}","{U02,U22}"
event_00132,event_00133,4,,"U02,U10,U15,U22",1,episode_0030,CTX_0030,"{U02,U22}","{U10,U15}"
event_00133,event_00134,1,,"U10,U15,U22,U29",1,episode_0030,CTX_0030,"{U10,U15}","{U22,U29}"
event_00135,event_00136,1,U06,"U09,U17",1,episode_0031,CTX_0031,"{U06,U09}","{U06,U17}"
event_00136,event_00137,4,,"U06,U13,U17,U22",1,episode_0031,CTX_0031,"{U06,U17}","{U13,U22}"
event_00137,event_00138,1,U13,"U08,U22",1,episode_0031,CTX_0031,"{U13,U22}","{U08,U13}"
event_00138,event_00139,4,,"U01,U04,U08,U13",1,episode_0031,CTX_0031,"{U08,U13}","{U01,U04}"
event_00139,event_00140,1,U04,"U01,U27",1,episode_0031,CTX_0031,"{U01,U04}","{U04,U27}"
event_00141,event_00142,1,U15,"U28,U30",1,episode_0032,CTX_0032,"{U15,U30}","{U15,U28}"
event_00142,event_00143,4,,"U15,U16,U24,U28",1,episode_0032,CTX_0032,"{U15,U28}","{U16,U24}"
event_00143,event_00144,4,U16,"U24,U34",1,episode_0032,CTX_0032,"{U16,U24}","{U16,U34}"
event_00145,event_00146,1,,"U01,U18,U28,U33",1,episode_0033,CTX_0033,"{U28,U33}","{U01,U18}"
event_00146,event_00147,4,,"U01,U18,U34,U37",1,episode_0033,CTX_0033,"{U01,U18}","{U34,U37}"
event_00147,event_00148,4,,"U12,U32,U34,U37",1,episode_0033,CTX_0033,"{U34,U37}","{U12,U32}"
event_00149,event_00150,4,,"U00,U05,U07,U33",1,episode_0034,CTX_0034,"{U05,U33}","{U00,U07}"
event_00150,event_00151,4,,"U00,U04,U06,U07",1,episode_0034,CTX_0034,"{U00,U07}","{U04,U06}"
event_00152,event_00153,1,,"U07,U36,U37,U38",1,episode_0035,CTX_0035,"{U36,U38}","{U07,U37}"
event_00153,event_00154,1,U07,"U16,U37",1,episode_0035,CTX_0035,"{U07,U37}","{U07,U16}"
event_00154,event_00155,4,,"U07,U16,U17,U22",1,episode_0035,CTX_0035,"{U07,U16}","{U17,U22}"
event_00155,event_00156,4,,"U12,U17,U18,U22",1,episode_0035,CTX_0035,"{U17,U22}","{U12,U18}"
event_00157,event_00158,2,U35,"U13,U15",1,episode_0036,CTX_0036,"{U13,U35}","{U15,U35}"
event_00158,event_00159,4,,"U12,U15,U17,U35",1,episode_0036,CTX_0036,"{U15,U35}","{U12,U17}"
event_00159,event_00160,5,,"U12,U14,U17,U35",1,episode_0036,CTX_0036,"{U12,U17}","{U14,U35}"
event_00161,event_00162,1,U24,"U07,U08",1,episode_0037,CTX_0037,"{U07,U24}","{U08,U24}"
event_00162,event_00163,4,,"U03,U08,U24,U30",1,episode_0037,CTX_0037,"{U08,U24}","{U03,U30}"
event_00163,event_00164,4,,"U03,U27,U30,U37",1,episode_0037,CTX_0037,"{U03,U30}","{U27,U37}"
event_00165,event_00166,4,,"U04,U19,U24,U39",1,episode_0038,CTX_0038,"{U19,U39}","{U04,U24}"
event_00166,event_00167,2,"U04,U24",,1,episode_0038,CTX_0038,"{U04,U24}","{U04,U24}"
event_00167,event_00168,2,,"U04,U24,U37,U39",1,episode_0038,CTX_0038,"{U04,U24}","{U37,U39}"
event_00169,event_00170,1,,"U11,U14,U24,U29",1,episode_0039,CTX_0039,"{U11,U24}","{U14,U29}"
event_00170,event_00171,4,,"U14,U16,U29,U33",1,episode_0039,CTX_0039,"{U14,U29}","{U16,U33}"
event_00171,event_00172,4,,"U01,U16,U19,U33",1,episode_0039,CTX_0039,"{U16,U33}","{U01,U19}"
event_00173,event_00174,4,,"U07,U24,U25,U26",1,episode_0040,CTX_0040,"{U07,U26}","{U24,U25}"
event_00174,event_00175,4,,"U08,U18,U24,U25",1,episode_0040,CTX_0040,"{U24,U25}","{U08,U18}"
event_00176,event_00177,4,,"U01,U05,U24,U39",1,episode_0041,CTX_0041,"{U05,U39}","{U01,U24}"
event_00177,event_00178,4,,"U01,U09,U24,U38",1,episode_0041,CTX_0041,"{U01,U24}","{U09,U38}"
event_00179,event_00180,1,,"U08,U13,U16,U27",1,episode_0042,CTX_0042,"{U08,U27}","{U13,U16}"
event_00180,event_00181,4,,"U05,U13,U16,U20",1,episode_0042,CTX_0042,"{U13,U16}","{U05,U20}"
event_00181,event_00182,4,,"U05,U16,U20,U36",1,episode_0042,CTX_0042,"{U05,U20}","{U16,U36}"
event_00183,event_00184,1,U15,"U00,U09",1,episode_0043,CTX_0043,"{U09,U15}","{U00,U15}"
event_00184,event_00185,3,U00,"U15,U23",1,episode_0043,CTX_0043,"{U00,U15}","{U00,U23}"
event_00185,event_00186,1,U23,"U00,U09",1,episode_0043,CTX_0043,"{U00,U23}","{U09,U23}"
event_00186,event_00187,4,,"U04,U09,U21,U23",1,episode_0043,CTX_0043,"{U09,U23}","{U04,U21}"
event_00188,event_00189,1,U12,"U20,U30",1,episode_0044,CTX_0044,"{U12,U30}","{U12,U20}"
event_00189,event_00190,4,,"U02,U12,U20,U39",1,episode_0044,CTX_0044,"{U12,U20}","{U02,U39}"
event_00190,event_00191,4,,"U02,U03,U20,U39",1,episode_0044,CTX_0044,"{U02,U39}","{U03,U20}"
event_00192,event_00193,1,U12,"U19,U23",1,episode_0045,CTX_0045,"{U12,U23}","{U12,U19}"
event_00193,event_00194,1,U12,"U19,U23",1,episode_0045,CTX_0045,"{U12,U19}","{U12,U23}"
event_00194,event_00195,1,U12,"U23,U26",1,episode_0045,CTX_0045,"{U12,U23}","{U12,U26}"
event_00195,event_00196,3,,"U01,U12,U26,U27",1,episode_0045,CTX_0045,"{U12,U26}","{U01,U27}"
event_00196,event_00197,4,,"U01,U18,U27,U28",1,episode_0045,CTX_0045,"{U01,U27}","{U18,U28}"
event_00197,event_00198,1,U18,"U07,U28",1,episode_0045,CTX_0045,"{U18,U28}","{U07,U18}"
event_00199,event_00200,1,U31,"U25,U38",1,episode_0046,CTX_0046,"{U25,U31}","{U31,U38}"
event_00200,event_00201,5,,"U13,U26,U31,U38",1,episode_0046,CTX_0046,"{U31,U38}","{U13,U26}"
event_00201,event_00202,4,U13,"U05,U26",1,episode_0046,CTX_0046,"{U13,U26}","{U05,U13}"
event_00203,event_00204,1,,"U03,U12,U25,U29",1,episode_0047,CTX_0047,"{U03,U25}","{U12,U29}"
event_00204,event_00205,1,U12,"U19,U29",1,episode_0047,CTX_0047,"{U12,U29}","{U12,U19}"
event_00205,event_00206,4,,"U02,U12,U19,U32",1,episode_0047,CTX_0047,"{U12,U19}","{U02,U32}"
event_00206,event_00207,4,,"U02,U05,U17,U32",1,episode_0047,CTX_0047,"{U02,U32}","{U05,U17}"
event_00207,event_00208,1,U05,"U14,U17",1,episode_0047,CTX_0047,"{U05,U17}","{U05,U14}"
event_00209,event_00210,1,U24,"U02,U13",1,episode_0048,CTX_0048,"{U02,U24}","{U13,U24}"
event_00210,event_00211,5,,"U01,U13,U24,U39",1,episode_0048,CTX_0048,"{U13,U24}","{U01,U39}"
event_00211,event_00212,4,,"U01,U05,U37,U39",1,episode_0048,CTX_0048,"{U01,U39}","{U05,U37}"
event_00213,event_00214,1,,"U00,U20,U25,U36",1,episode_0049,CTX_0049,"{U00,U36}","{U20,U25}"
event_00214,event_00215,5,,"U06,U20,U21,U25",1,episode_0049,CTX_0049,"{U20,U25}","{U06,U21}"
event_00215,event_00216,4,,"U05,U06,U21,U31",1,episode_0049,CTX_0049,"{U06,U21}","{U05,U31}"
event_00216,event_00217,1,U31,"U05,U18",1,episode_0049,CTX_0049,"{U05,U31}","{U18,U31}"
event_00218,event_00219,6,,"U01,U12,U31,U36",1,episode_0050,CTX_0050,"{U31,U36}","{U01,U12}"
event_00219,event_00220,4,,"U01,U12,U27,U32",1,episode_0050,CTX_0050,"{U01,U12}","{U27,U32}"
event_00221,event_00222,1,U19,"U23,U36",1,episode_0051,CTX_0051,"{U19,U36}","{U19,U23}"
event_00222,event_00223,1,U19,"U23,U36",1,episode_0051,CTX_0051,"{U19,U23}","{U19,U36}"
event_00223,event_00224,3,,"U02,U19,U35,U36",1,episode_0051,CTX_0051,"{U19,U36}","{U02,U35}"
event_00224,event_00225,2,U35,"U02,U09",1,episode_0051,CTX_0051,"{U02,U35}","{U09,U35}"
event_00225,event_00226,4,,"U00,U09,U13,U35",1,episode_0051,CTX_0051,"{U09,U35}","{U00,U13}"
event_00227,event_00228,4,,"U02,U14,U18,U24",1,episode_0052,CTX_0052,"{U02,U14}","{U18,U24}"
event_00229,event_00230,2,U15,"U13,U22",1,episode_0053,CTX_0053,"{U13,U15}","{U15,U22}"
event_00230,event_00231,4,,"U00,U05,U15,U22",1,episode_0053,CTX_0053,"{U15,U22}","{U00,U05}"
event_00231,event_00232,4,,"U00,U05,U34,U35",1,episode_0053,CTX_0053,"{U00,U05}","{U34,U35}"
event_00232,event_00233,1,U35,"U17,U34",1,episode_0053,CTX_0053,"{U34,U35}","{U17,U35}"
event_00234,event_00235,1,U12,"U07,U30",1,episode_0054,CTX_0054,"{U12,U30}","{U07,U12}"
event_00235,event_00236,4,,"U06,U07,U09,U12",1,episode_0054,CTX_0054,"{U07,U12}","{U06,U09}"
event_00236,event_00237,1,U09,"U06,U29",1,episode_0054,CTX_0054,"{U06,U09}","{U09,U29}"
event_00237,event_00238,4,,"U01,U09,U29,U34",1,episode_0054,CTX_0054,"{U09,U29}","{U01,U34}"
event_00239,event_00240,1,U28,"U19,U26",1,episode_0055,CTX_0055,"{U26,U28}","{U19,U28}"
event_00240,event_00241,1,U19,"U28,U39",1,episode_0055,CTX_0055,"{U19,U28}","{U19,U39}"
event_00241,event_00242,4,,"U19,U35,U38,U39",1,episode_0055,CTX_0055,"{U19,U39}","{U35,U38}"
event_00242,event_00243,4,,"U19,U25,U35,U38",1,episode_0055,CTX_0055,"{U35,U38}","{U19,U25}"
event_00244,event_00245,4,U37,"U12,U18",1,episode_0056,CTX_0056,"{U18,U37}","{U12,U37}"
event_00245,event_00246,4,,"U08,U12,U27,U37",1,episode_0056,CTX_0056,"{U12,U37}","{U08,U27}"
event_00247,event_00248,1,U13,"U15,U37",1,episode_0057,CTX_0057,"{U13,U15}","{U13,U37}"
event_00248,event_00249,4,,"U04,U13,U17,U37",1,episode_0057,CTX_0057,"{U13,U37}","{U04,U17}"
event_00249,event_00250,4,,"U04,U17,U24,U34",1,episode_0057,CTX_0057,"{U04,U17}","{U24,U34}"
event_00251,event_00252,4,,"U01,U16,U26,U30",1,episode_0058,CTX_0058,"{U01,U26}","{U16,U30}"
event_00252,event_00253,1,U30,"U16,U27",1,episode_0058,CTX_0058,"{U16,U30}","{U27,U30}"
event_00253,event_00254,3,,"U22,U27,U30,U33",1,episode_0058,CTX_0058,"{U27,U30}","{U22,U33}"
event_00254,event_00255,1,U22,"U13,U33",1,episode_0058,CTX_0058,"{U22,U33}","{U13,U22}"
event_00255,event_00256,1,U13,"U20,U22",1,episode_0058,CTX_0058,"{U13,U22}","{U13,U20}"
event_00257,event_00258,2,U36,"U14,U29",1,episode_0059,CTX_0059,"{U29,U36}","{U14,U36}"
event_00258,event_00259,4,,"U01,U14,U28,U36",1,episode_0059,CTX_0059,"{U14,U36}","{U01,U28}"
event_00259,event_00260,4,,"U01,U02,U13,U28",1,episode_0059,CTX_0059,"{U01,U28}","{U02,U13}"
event_00261,event_00262,5,,"U06,U07,U16,U30",1,episode_0060,CTX_0060,"{U07,U30}","{U06,U16}"
event_00262,event_00263,4,,"U06,U09,U16,U28",1,episode_0060,CTX_0060,"{U06,U16}","{U09,U28}"
event_00264,event_00265,4,,"U01,U04,U35,U36",1,episode_0061,CTX_0061,"{U01,U04}","{U35,U36}"
event_00265,event_00266,4,U36,"U02,U35",1,episode_0061,CTX_0061,"{U35,U36}","{U02,U36}"
event_00267,event_00268,1,U30,"U17,U20",1,episode_0062,CTX_0062,"{U20,U30}","{U17,U30}"
event_00268,event_00269,4,U17,"U26,U30",1,episode_0062,CTX_0062,"{U17,U30}","{U17,U26}"
event_00269,event_00270,4,,"U11,U17,U26,U28",1,episode_0062,CTX_0062,"{U17,U26}","{U11,U28}"
event_00271,event_00272,1,U10,"U30,U38",1,episode_0063,CTX_0063,"{U10,U30}","{U10,U38}"
event_00272,event_00273,4,,"U10,U15,U29,U38",1,episode_0063,CTX_0063,"{U10,U38}","{U15,U29}"
event_00273,event_00274,2,U15,"U29,U35",1,episode_0063,CTX_0063,"{U15,U29}","{U15,U35}"
event_00274,event_00275,2,,"U01,U15,U35,U37",1,episode_0063,CTX_0063,"{U15,U35}","{U01,U37}"
event_00276,event_00277,1,U00,"U03,U36",1,episode_0064,CTX_0064,"{U00,U36}","{U00,U03}"
event_00277,event_00278,4,,"U00,U03,U14,U17",1,episode_0064,CTX_0064,"{U00,U03}","{U14,U17}"
event_00278,event_00279,4,,"U14,U17,U18,U35",1,episode_0064,CTX_0064,"{U14,U17}","{U18,U35}"
event_00279,event_00280,2,U18,"U10,U35",1,episode_0064,CTX_0064,"{U18,U35}","{U10,U18}"
event_00281,event_00282,2,U39,"U13,U36",1,episode_0065,CTX_0065,"{U13,U39}","{U36,U39}"
event_00282,event_00283,4,,"U10,U33,U36,U39",1,episode_0065,CTX_0065,"{U36,U39}","{U10,U33}"
event_00283,event_00284,1,U10,"U04,U33",1,episode_0065,CTX_0065,"{U10,U33}","{U04,U10}"
event_00284,event_00285,4,,"U03,U04,U10,U15",1,episode_0065,CTX_0065,"{U04,U10}","{U03,U15}"
event_00286,event_00287,1,U37,"U24,U38",1,episode_0066,CTX_0066,"{U37,U38}","{U24,U37}"
event_00287,event_00288,4,,"U03,U24,U32,U37",1,episode_0066,CTX_0066,"{U24,U37}","{U03,U32}"
event_00288,event_00289,4,,"U00,U03,U32,U36",1,episode_0066,CTX_0066,"{U03,U32}","{U00,U36}"
event_00290,event_00291,1,,"U01,U04,U17,U19",1,episode_0067,CTX_0067,"{U01,U04}","{U17,U19}"
event_00291,event_00292,3,,"U11,U17,U19,U27",1,episode_0067,CTX_0067,"{U17,U19}","{U11,U27}"
event_00292,event_00293,1,,"U09,U11,U27,U33",1,episode_0067,CTX_0067,"{U11,U27}","{U09,U33}"
event_00293,event_00294,4,,"U05,U09,U14,U33",1,episode_0067,CTX_0067,"{U09,U33}","{U05,U14}"
event_00295,event_00296,1,U33,"U06,U07",1,episode_0068,CTX_0068,"{U06,U33}","{U07,U33}"
event_00296,event_00297,1,U07,"U03,U33",1,episode_0068,CTX_0068,"{U07,U33}","{U03,U07}"
event_00297,event_00298,4,,"U03,U07,U16,U27",1,episode_0068,CTX_0068,"{U03,U07}","{U16,U27}"
event_00298,event_00299,5,,"U10,U16,U27,U31",1,episode_0068,CTX_0068,"{U16,U27}","{U10,U31}"
event_00300,event_00301,2,"U30,U38",,1,episode_0069,CTX_0069,"{U30,U38}","{U30,U38}"
event_00301,event_00302,4,,"U03,U17,U30,U38",1,episode_0069,CTX_0069,"{U30,U38}","{U03,U17}"
event_00302,event_00303,1,U17,"U01,U03",1,episode_0069,CTX_0069,"{U03,U17}","{U01,U17}"
event_00303,event_00304,4,,"U00,U01,U17,U25",1,episode_0069,CTX_0069,"{U01,U17}","{U00,U25}"
event_00305,event_00306,1,U17,"U19,U38",1,episode_0070,CTX_0070,"{U17,U38}","{U17,U19}"
event_00306,event_00307,4,,"U09,U17,U19,U24",1,episode_0070,CTX_0070,"{U17,U19}","{U09,U24}"
event_00307,event_00308,4,,"U07,U09,U24,U26",1,episode_0070,CTX_0070,"{U09,U24}","{U07,U26}"
event_00308,event_00309,1,U07,"U11,U26",1,episode_0070,CTX_0070,"{U07,U26}","{U07,U11}"
event_00309,event_00310,2,,"U07,U11,U12,U14",1,episode_0070,CTX_0070,"{U07,U11}","{U12,U14}"
event_00311,event_00312,2,,"U13,U28,U33,U35",1,episode_0071,CTX_0071,"{U28,U33}","{U13,U35}"
event_00312,event_00313,4,,"U13,U15,U24,U35",1,episode_0071,CTX_0071,"{U13,U35}","{U15,U24}"
event_00313,event_00314,1,U24,"U00,U15",1,episode_0071,CTX_0071,"{U15,U24}","{U00,U24}"
event_00314,event_00315,4,,"U00,U21,U24,U27",1,episode_0071,CTX_0071,"{U00,U24}","{U21,U27}"
event_00316,event_00317,1,U24,"U04,U05",1,episode_0072,CTX_0072,"{U04,U24}","{U05,U24}"
event_00317,event_00318,5,,"U05,U08,U24,U39",1,episode_0072,CTX_0072,"{U05,U24}","{U08,U39}"
event_00318,event_00319,4,,"U08,U11,U13,U39",1,episode_0072,CTX_0072,"{U08,U39}","{U11,U13}"
event_00319,event_00320,2,U11,"U13,U28",1,episode_0072,CTX_0072,"{U11,U13}","{U11,U28}"
event_00321,event_00322,1,,"U12,U13,U19,U30",1,episode_0073,CTX_0073,"{U12,U30}","{U13,U19}"
event_00322,event_00323,4,,"U13,U19,U21,U36",1,episode_0073,CTX_0073,"{U13,U19}","{U21,U36}"
event_00323,event_00324,5,,"U07,U21,U33,U36",1,episode_0073,CTX_0073,"{U21,U36}","{U07,U33}"
event_00325,event_00326,1,U13,"U31,U32",1,episode_0074,CTX_0074,"{U13,U32}","{U13,U31}"
event_00326,event_00327,1,U13,"U19,U31",1,episode_0074,CTX_0074,"{U13,U31}","{U13,U19}"
event_00327,event_00328,5,U19,"U13,U32",1,episode_0074,CTX_0074,"{U13,U19}","{U19,U32}"
event_00328,event_00329,4,,"U10,U19,U32,U39",1,episode_0074,CTX_0074,"{U19,U32}","{U10,U39}"
event_00329,event_00330,1,U39,"U06,U10",1,episode_0074,CTX_0074,"{U10,U39}","{U06,U39}"
event_00331,event_00332,4,,"U00,U14,U15,U18",1,episode_0075,CTX_0075,"{U14,U18}","{U00,U15}"
event_00332,event_00333,4,,"U00,U03,U11,U15",1,episode_0075,CTX_0075,"{U00,U15}","{U03,U11}"
event_00334,event_00335,1,U06,"U04,U36",1,episode_0076,CTX_0076,"{U04,U06}","{U06,U36}"
event_00335,event_00336,5,,"U06,U34,U36,U39",1,episode_0076,CTX_0076,"{U06,U36}","{U34,U39}"
event_00336,event_00337,4,,"U26,U29,U34,U39",1,episode_0076,CTX_0076,"{U34,U39}","{U26,U29}"
event_00338,event_00339,1,U14,"U24,U26",1,episode_0077,CTX_0077,"{U14,U26}","{U14,U24}"
event_00339,event_00340,4,,"U14,U24,U30,U37",1,episode_0077,CTX_0077,"{U14,U24}","{U30,U37}"
event_00341,event_00342,1,U37,"U17,U28",1,episode_0078,CTX_0078,"{U28,U37}","{U17,U37}"
event_00342,event_00343,1,U37,"U15,U17",1,episode_0078,CTX_0078,"{U17,U37}","{U15,U37}"
event_00343,event_00344,2,U15,"U35,U37",1,episode_0078,CTX_0078,"{U15,U37}","{U15,U35}"
event_00344,event_00345,2,,"U05,U15,U33,U35",1,episode_0078,CTX_0078,"{U15,U35}","{U05,U33}"
event_00345,event_00346,1,U33,"U05,U14",1,episode_0078,CTX_0078,"{U05,U33}","{U14,U33}"
event_00346,event_00347,4,,"U14,U22,U33,U35",1,episode_0078,CTX_0078,"{U14,U33}","{U22,U35}"
event_00348,event_00349,2,U04,"U11,U15",1,episode_0079,CTX_0079,"{U04,U11}","{U04,U15}"
event_00349,event_00350,4,,"U01,U04,U06,U15",1,episode_0079,CTX_0079,"{U04,U15}","{U01,U06}"
event_00350,event_00351,4,,"U01,U06,U07,U10",1,episode_0079,CTX_0079,"{U01,U06}","{U07,U10}"
event_00352,event_00353,1,U10,"U05,U39",1,episode_0080,CTX_0080,"{U10,U39}","{U05,U10}"
event_00353,event_00354,4,,"U05,U07,U10,U11",1,episode_0080,CTX_0080,"{U05,U10}","{U07,U11}"
event_00354,event_00355,4,,"U07,U11,U21,U34",1,episode_0080,CTX_0080,"{U07,U11}","{U21,U34}"
event_00356,event_00357,4,U05,"U08,U16",1,episode_0081,CTX_0081,"{U05,U16}","{U05,U08}"
event_00357,event_00358,4,,"U05,U08,U21,U25",1,episode_0081,CTX_0081,"{U05,U08}","{U21,U25}"
event_00359,event_00360,5,,"U29,U33,U34,U36",1,episode_0082,CTX_0082,"{U29,U36}","{U33,U34}"
event_00360,event_00361,4,U33,"U00,U34",1,episode_0082,CTX_0082,"{U33,U34}","{U00,U33}"
event_00361,event_00362,1,U00,"U33,U37",1,episode_0082,CTX_0082,"{U00,U33}","{U00,U37}"
event_00363,event_00364,5,,"U06,U19,U27,U31",1,episode_0083,CTX_0083,"{U27,U31}","{U06,U19}"
event_00364,event_00365,2,"U06,U19",,1,episode_0083,CTX_0083,"{U06,U19}","{U06,U19}"
event_00365,event_00366,2,,"U05,U06,U19,U29",1,episode_0083,CTX_0083,"{U06,U19}","{U05,U29}"
event_00367,event_00368,5,,"U05,U09,U26,U32",1,episode_0084,CTX_0084,"{U05,U09}","{U26,U32}"
event_00368,event_00369,4,U32,"U07,U26",1,episode_0084,CTX_0084,"{U26,U32}","{U07,U32}"
event_00370,event_00371,4,,"U02,U10,U23,U35",1,episode_0085,CTX_0085,"{U10,U23}","{U02,U35}"
event_00371,event_00372,5,,"U02,U25,U27,U35",1,episode_0085,CTX_0085,"{U02,U35}","{U25,U27}"
event_00373,event_00374,1,,"U03,U18,U20,U28",1,episode_0086,CTX_0086,"{U20,U28}","{U03,U18}"
event_00374,event_00375,1,,"U03,U18,U27,U31",1,episode_0086,CTX_0086,"{U03,U18}","{U27,U31}"
event_00375,event_00376,4,U27,"U00,U31",1,episode_0086,CTX_0086,"{U27,U31}","{U00,U27}"
event_00376,event_00377,4,,"U00,U20,U24,U27",1,episode_0086,CTX_0086,"{U00,U27}","{U20,U24}"
event_00378,event_00379,2,U18,"U06,U36",1,episode_0087,CTX_0087,"{U06,U18}","{U18,U36}"
event_00379,event_00380,3,,"U02,U14,U18,U36",1,episode_0087,CTX_0087,"{U18,U36}","{U02,U14}"
event_00380,event_00381,1,U14,"U02,U23",1,episode_0087,CTX_0087,"{U02,U14}","{U14,U23}"
event_00381,event_00382,4,,"U02,U14,U23,U29",1,episode_0087,CTX_0087,"{U14,U23}","{U02,U29}"
event_00382,event_00383,2,U29,"U02,U04",1,episode_0087,CTX_0087,"{U02,U29}","{U04,U29}"
event_00383,event_00384,1,U04,"U29,U37",1,episode_0087,CTX_0087,"{U04,U29}","{U04,U37}"
event_00385,event_00386,5,,"U09,U17,U26,U33",1,episode_0088,CTX_0088,"{U09,U17}","{U26,U33}"
event_00386,event_00387,4,,"U11,U20,U26,U33",1,episode_0088,CTX_0088,"{U26,U33}","{U11,U20}"
event_00388,event_00389,5,,"U11,U32,U34,U36",1,episode_0089,CTX_0089,"{U32,U34}","{U11,U36}"
event_00389,event_00390,4,,"U00,U11,U34,U36",1,episode_0089,CTX_0089,"{U11,U36}","{U00,U34}"
event_00391,event_00392,1,U12,"U15,U33",1,episode_0090,CTX_0090,"{U12,U33}","{U12,U15}"
event_00392,event_00393,1,U12,"U15,U33",1,episode_0090,CTX_0090,"{U12,U15}","{U12,U33}"
event_00393,event_00394,5,,"U12,U16,U22,U33",1,episode_0090,CTX_0090,"{U12,U33}","{U16,U22}"
event_00394,event_00395,4,,"U11,U16,U22,U38",1,episode_0090,CTX_0090,"{U16,U22}","{U11,U38}"
event_00396,event_00397,1,U30,"U31,U34",1,episode_0091,CTX_0091,"{U30,U34}","{U30,U31}"
event_00397,event_00398,2,U30,"U15,U31",1,episode_0091,CTX_0091,"{U30,U31}","{U15,U30}"
event_00398,event_00399,4,,"U15,U19,U30,U38",1,episode_0091,CTX_0091,"{U15,U30}","{U19,U38}"
event_00400,event_00401,1,U22,"U06,U32",1,episode_0092,CTX_0092,"{U06,U22}","{U22,U32}"
event_00401,event_00402,4,,"U12,U22,U25,U32",1,episode_0092,CTX_0092,"{U22,U32}","{U12,U25}"
event_00402,event_00403,1,U12,"U05,U25",1,episode_0092,CTX_0092,"{U12,U25}","{U05,U12}"
event_00403,event_00404,5,,"U05,U11,U12,U32",1,episode_0092,CTX_0092,"{U05,U12}","{U11,U32}"
event_00405,event_00406,1,U36,"U20,U26",1,episode_0093,CTX_0093,"{U20,U36}","{U26,U36}"
event_00406,event_00407,4,,"U07,U21,U26,U36",1,episode_0093,CTX_0093,"{U26,U36}","{U07,U21}"
event_00407,event_00408,1,U21,"U07,U26",1,episode_0093,CTX_0093,"{U07,U21}","{U21,U26}"
event_00408,event_00409,5,,"U17,U21,U26,U36",1,episode_0093,CTX_0093,"{U21,U26}","{U17,U36}"
event_00410,event_00411,1,,"U04,U06,U17,U38",1,episode_0094,CTX_0094,"{U17,U38}","{U04,U06}"
event_00411,event_00412,1,U04,"U06,U09",1,episode_0094,CTX_0094,"{U04,U06}","{U04,U09}"
event_00412,event_00413,4,,"U04,U08,U09,U10",1,episode_0094,CTX_0094,"{U04,U09}","{U08,U10}"
event_00413,event_00414,4,,"U08,U10,U35,U37",1,episode_0094,CTX_0094,"{U08,U10}","{U35,U37}"
event_00415,event_00416,1,U36,"U15,U19",1,episode_0095,CTX_0095,"{U19,U36}","{U15,U36}"
event_00416,event_00417,4,,"U08,U09,U15,U36",1,episode_0095,CTX_0095,"{U15,U36}","{U08,U09}"
event_00417,event_00418,4,,"U08,U09,U10,U25",1,episode_0095,CTX_0095,"{U08,U09}","{U10,U25}"
event_00419,event_00420,1,U07,"U05,U12",1,episode_0096,CTX_0096,"{U07,U12}","{U05,U07}"
event_00420,event_00421,4,U07,"U02,U05",1,episode_0096,CTX_0096,"{U05,U07}","{U02,U07}"
event_00421,event_00422,1,U07,"U02,U33",1,episode_0096,CTX_0096,"{U02,U07}","{U07,U33}"
event_00422,event_00423,4,,"U05,U07,U28,U33",1,episode_0096,CTX_0096,"{U07,U33}","{U05,U28}"
event_00424,event_00425,1,,"U05,U09,U31,U33",1,episode_0097,CTX_0097,"{U05,U33}","{U09,U31}"
event_00425,event_00426,4,,"U01,U09,U23,U31",1,episode_0097,CTX_0097,"{U09,U31}","{U01,U23}"
event_00426,event_00427,4,,"U01,U14,U20,U23",1,episode_0097,CTX_0097,"{U01,U23}","{U14,U20}"
event_00428,event_00429,1,U09,"U33,U34",1,episode_0098,CTX_0098,"{U09,U33}","{U09,U34}"
event_00429,event_00430,1,,"U09,U23,U31,U34",1,episode_0098,CTX_0098,"{U09,U34}","{U23,U31}"
event_00430,event_00431,4,,"U08,U21,U23,U31",1,episode_0098,CTX_0098,"{U23,U31}","{U08,U21}"
event_00431,event_00432,4,,"U04,U08,U21,U26",1,episode_0098,CTX_0098,"{U08,U21}","{U04,U26}"
event_00433,event_00434,1,U18,"U12,U39",1,episode_0099,CTX_0099,"{U12,U18}","{U18,U39}"
event_00434,event_00435,4,,"U04,U18,U21,U39",1,episode_0099,CTX_0099,"{U18,U39}","{U04,U21}"
event_00435,event_00436,1,U04,"U10,U21",1,episode_0099,CTX_0099,"{U04,U21}","{U04,U10}"
event_00436,event_00437,1,U04,"U02,U10",1,episode_0099,CTX_0099,"{U04,U10}","{U02,U04}"
event_00437,event_00438,4,,"U02,U04,U12,U33",1,episode_0099,CTX_0099,"{U02,U04}","{U12,U33}"
event_00439,event_00440,1,U16,"U20,U37",1,episode_0100,CTX_0100,"{U16,U20}","{U16,U37}"
event_00440,event_00441,4,U37,"U02,U16",1,episode_0100,CTX_0100,"{U16,U37}","{U02,U37}"
event_00441,event_00442,1,U02,"U29,U37",1,episode_0100,CTX_0100,"{U02,U37}","{U02,U29}"
event_00442,event_00443,4,,"U02,U15,U29,U31",1,episode_0100,CTX_0100,"{U02,U29}","{U15,U31}"
event_00444,event_00445,1,U05,"U12,U38",1,episode_0101,CTX_0101,"{U05,U38}","{U05,U12}"
event_00445,event_00446,5,,"U05,U11,U12,U24",1,episode_0101,CTX_0101,"{U05,U12}","{U11,U24}"
event_00446,event_00447,4,,"U03,U11,U19,U24",1,episode_0101,CTX_0101,"{U11,U24}","{U03,U19}"
event_00448,event_00449,1,U12,"U07,U19",1,episode_0102,CTX_0102,"{U12,U19}","{U07,U12}"
event_00449,event_00450,1,U07,"U12,U21",1,episode_0102,CTX_0102,"{U07,U12}","{U07,U21}"
event_00450,event_00451,4,,"U07,U10,U17,U21",1,episode_0102,CTX_0102,"{U07,U21}","{U10,U17}"
event_00451,event_00452,5,,"U00,U10,U17,U23",1,episode_0102,CTX_0102,"{U10,U17}","{U00,U23}"
event_00453,event_00454,1,U29,"U24,U36",1,episode_0103,CTX_0103,"{U29,U36}","{U24,U29}"
event_00454,event_00455,4,U29,"U24,U31",1,episode_0103,CTX_0103,"{U24,U29}","{U29,U31}"
event_00455,event_00456,4,,"U11,U16,U29,U31",1,episode_0103,CTX_0103,"{U29,U31}","{U11,U16}"
event_00457,event_00458,1,U31,"U02,U12",1,episode_0104,CTX_0104,"{U12,U31}","{U02,U31}"
event_00458,event_00459,1,U31,"U02,U17",1,episode_0104,CTX_0104,"{U02,U31}","{U17,U31}"
event_00459,event_00460,3,,"U00,U17,U31,U32",1,episode_0104,CTX_0104,"{U17,U31}","{U00,U32}"
event_00460,event_00461,5,,"U00,U08,U30,U32",1,episode_0104,CTX_0104,"{U00,U32}","{U08,U30}"
event_00462,event_00463,1,U02,"U16,U18",1,episode_0105,CTX_0105,"{U02,U18}","{U02,U16}"
event_00463,event_00464,4,U16,"U02,U23",1,episode_0105,CTX_0105,"{U02,U16}","{U16,U23}"
event_00464,event_00465,4,,"U06,U08,U16,U23",1,episode_0105,CTX_0105,"{U16,U23}","{U06,U08}"
event_00465,event_00466,2,,"U01,U06,U08,U12",1,episode_0105,CTX_0105,"{U06,U08}","{U01,U12}"
event_00467,event_00468,1,U30,"U12,U28",1,episode_0106,CTX_0106,"{U12,U30}","{U28,U30}"
event_00468,event_00469,4,,"U20,U28,U30,U31",1,episode_0106,CTX_0106,"{U28,U30}","{U20,U31}"
event_00469,event_00470,4,,"U19,U20,U30,U31",1,episode_0106,CTX_0106,"{U20,U31}","{U19,U30}"
event_00470,event_00471,1,U30,"U15,U19",1,episode_0106,CTX_0106,"{U19,U30}","{U15,U30}"
event_00472,event_00473,1,U35,"U02,U07",1,episode_0107,CTX_0107,"{U02,U35}","{U07,U35}"
event_00473,event_00474,4,,"U07,U25,U27,U35",1,episode_0107,CTX_0107,"{U07,U35}","{U25,U27}"
event_00474,event_00475,1,U25,"U14,U27",1,episode_0107,CTX_0107,"{U25,U27}","{U14,U25}"
event_00475,event_00476,4,U25,"U03,U14",1,episode_0107,CTX_0107,"{U14,U25}","{U03,U25}"
event_00476,event_00477,1,U25,"U03,U06",1,episode_0107,CTX_0107,"{U03,U25}","{U06,U25}"
event_00478,event_00479,1,U38,"U17,U24",1,episode_0108,CTX_0108,"{U17,U38}","{U24,U38}"
event_00479,event_00480,4,,"U03,U24,U38,U39",1,episode_0108,CTX_0108,"{U24,U38}","{U03,U39}"
event_00480,event_00481,4,U03,"U38,U39",1,episode_0108,CTX_0108,"{U03,U39}","{U03,U38}"
event_00482,event_00483,1,U01,"U21,U27",1,episode_0109,CTX_0109,"{U01,U27}","{U01,U21}"
event_00483,event_00484,4,U21,"U01,U10",1,episode_0109,CTX_0109,"{U01,U21}","{U10,U21}"
event_00484,event_00485,1,U10,"U06,U21",1,episode_0109,CTX_0109,"{U10,U21}","{U06,U10}"
event_00485,event_00486,5,,"U03,U06,U10,U25",1,episode_0109,CTX_0109,"{U06,U10}","{U03,U25}"
event_00487,event_00488,4,,"U01,U06,U11,U16",1,episode_0110,CTX_0110,"{U06,U11}","{U01,U16}"
event_00488,event_00489,4,,"U01,U09,U16,U36",1,episode_0110,CTX_0110,"{U01,U16}","{U09,U36}"
event_00489,event_00490,1,U36,"U09,U32",1,episode_0110,CTX_0110,"{U09,U36}","{U32,U36}"
event_00491,event_00492,1,U36,"U29,U38",1,episode_0111,CTX_0111,"{U29,U36}","{U36,U38}"
event_00492,event_00493,2,U36,"U00,U38",1,episode_0111,CTX_0111,"{U36,U38}","{U00,U36}"
event_00493,event_00494,2,U00,"U02,U36",1,episode_0111,CTX_0111,"{U00,U36}","{U00,U02}"
event_00494,event_00495,4,,"U00,U02,U23,U38",1,episode_0111,CTX_0111,"{U00,U02}","{U23,U38}"
event_00496,event_00497,1,U06,"U02,U29",1,episode_0112,CTX_0112,"{U06,U29}","{U02,U06}"
event_00497,event_00498,1,U02,"U06,U08",1,episode_0112,CTX_0112,"{U02,U06}","{U02,U08}"
event_00498,event_00499,4,,"U02,U08,U17,U38",1,episode_0112,CTX_0112,"{U02,U08}","{U17,U38}"
event_00499,event_00500,1,U17,"U23,U38",1,episode_0112,CTX_0112,"{U17,U38}","{U17,U23}"
event_00500,event_00501,4,,"U11,U12,U17,U23",1,episode_0112,CTX_0112,"{U17,U23}","{U11,U12}"
event_00502,event_00503,1,U33,"U24,U29",1,episode_0113,CTX_0113,"{U29,U33}","{U24,U33}"
event_00503,event_00504,4,,"U05,U24,U33,U38",1,episode_0113,CTX_0113,"{U24,U33}","{U05,U38}"
event_00504,event_00505,4,,"U05,U06,U29,U38",1,episode_0113,CTX_0113,"{U05,U38}","{U06,U29}"
event_00506,event_00507,4,,"U00,U12,U19,U24",1,episode_0114,CTX_0114,"{U00,U19}","{U12,U24}"
event_00507,event_00508,4,,"U12,U15,U24,U38",1,episode_0114,CTX_0114,"{U12,U24}","{U15,U38}"
event_00509,event_00510,1,U07,"U24,U29",1,episode_0115,CTX_0115,"{U07,U24}","{U07,U29}"
event_00510,event_00511,5,U29,"U07,U22",1,episode_0115,CTX_0115,"{U07,U29}","{U22,U29}"
event_00511,event_00512,4,,"U00,U04,U22,U29",1,episode_0115,CTX_0115,"{U22,U29}","{U00,U04}"
event_00513,event_00514,4,,"U13,U21,U27,U35",1,episode_0116,CTX_0116,"{U21,U35}","{U13,U27}"
event_00514,event_00515,1,U27,"U13,U37",1,episode_0116,CTX_0116,"{U13,U27}","{U27,U37}"
event_00515,event_00516,4,,"U16,U25,U27,U37",1,episode_0116,CTX_0116,"{U27,U37}","{U16,U25}"
event_00517,event_00518,1,,"U05,U18,U21,U29",1,episode_0117,CTX_0117,"{U21,U29}","{U05,U18}"
event_00518,event_00519,4,,"U05,U07,U15,U18",1,episode_0117,CTX_0117,"{U05,U18}","{U07,U15}"
event_00519,event_00520,4,,"U07,U15,U21,U29",1,episode_0117,CTX_0117,"{U07,U15}","{U21,U29}"
event_00521,event_00522,4,,"U05,U19,U33,U34",1,episode_0118,CTX_0118,"{U19,U34}","{U05,U33}"
event_00522,event_00523,1,U05,"U10,U33",1,episode_0118,CTX_0118,"{U05,U33}","{U05,U10}"
event_00523,event_00524,4,,"U05,U10,U16,U32",1,episode_0118,CTX_0118,"{U05,U10}","{U16,U32}"
event_00524,event_00525,1,,"U16,U32,U34,U35",1,episode_0118,CTX_0118,"{U16,U32}","{U34,U35}"
event_00526,event_00527,6,,"U00,U02,U14,U19",1,episode_0119,CTX_0119,"{U00,U14}","{U02,U19}"
event_00527,event_00528,5,,"U02,U15,U19,U24",1,episode_0119,CTX_0119,"{U02,U19}","{U15,U24}"
event_00529,event_00530,1,,"U03,U08,U10,U24",1,episode_0120,CTX_0120,"{U10,U24}","{U03,U08}"
event_00530,event_00531,4,,"U03,U08,U25,U26",1,episode_0120,CTX_0120,"{U03,U08}","{U25,U26}"
event_00531,event_00532,3,,"U06,U25,U26,U32",1,episode_0120,CTX_0120,"{U25,U26}","{U06,U32}"
event_00532,event_00533,2,,"U06,U11,U32,U35",1,episode_0120,CTX_0120,"{U06,U32}","{U11,U35}"
event_00534,event_00535,1,U10,"U08,U12",1,episode_0121,CTX_0121,"{U08,U10}","{U10,U12}"
event_00535,event_00536,4,,"U10,U11,U12,U14",1,episode_0121,CTX_0121,"{U10,U12}","{U11,U14}"
event_00536,event_00537,1,U11,"U14,U33",1,episode_0121,CTX_0121,"{U11,U14}","{U11,U33}"
event_00537,event_00538,4,,"U02,U11,U22,U33",1,episode_0121,CTX_0121,"{U11,U33}","{U02,U22}"
event_00539,event_00540,2,U31,"U12,U39",1,episode_0122,CTX_0122,"{U12,U31}","{U31,U39}"
event_00540,event_00541,3,,"U09,U31,U35,U39",1,episode_0122,CTX_0122,"{U31,U39}","{U09,U35}"
event_00541,event_00542,1,U09,"U35,U37",1,episode_0122,CTX_0122,"{U09,U35}","{U09,U37}"
event_00542,event_00543,5,,"U09,U19,U30,U37",1,episode_0122,CTX_0122,"{U09,U37}","{U19,U30}"
event_00543,event_00544,1,U19,"U30,U33",1,episode_0122,CTX_0122,"{U19,U30}","{U19,U33}"
event_00545,event_00546,4,,"U02,U16,U20,U27",1,episode_0123,CTX_0123,"{U16,U20}","{U02,U27}"
event_00546,event_00547,4,,"U02,U10,U24,U27",1,episode_0123,CTX_0123,"{U02,U27}","{U10,U24}"
event_00548,event_00549,1,U10,"U14,U39",1,episode_0124,CTX_0124,"{U10,U39}","{U10,U14}"
event_00549,event_00550,4,,"U10,U14,U23,U24",1,episode_0124,CTX_0124,"{U10,U14}","{U23,U24}"
event_00550,event_00551,4,,"U13,U15,U23,U24",1,episode_0124,CTX_0124,"{U23,U24}","{U13,U15}"
event_00552,event_00553,1,U17,"U32,U36",1,episode_0125,CTX_0125,"{U17,U36}","{U17,U32}"
event_00553,event_00554,4,,"U00,U17,U20,U32",1,episode_0125,CTX_0125,"{U17,U32}","{U00,U20}"
event_00554,event_00555,2,U20,"U00,U35",1,episode_0125,CTX_0125,"{U00,U20}","{U20,U35}"
event_00555,event_00556,2,,"U04,U05,U20,U35",1,episode_0125,CTX_0125,"{U20,U35}","{U04,U05}"
event_00556,event_00557,1,,"U04,U05,U20,U27",1,episode_0125,CTX_0125,"{U04,U05}","{U20,U27}"
event_00558,event_00559,4,,"U06,U13,U29,U32",1,episode_0126,CTX_0126,"{U13,U32}","{U06,U29}"
event_00559,event_00560,1,U06,"U29,U35",1,episode_0126,CTX_0126,"{U06,U29}","{U06,U35}"
event_00560,event_00561,4,,"U05,U06,U16,U35",1,episode_0126,CTX_0126,"{U06,U35}","{U05,U16}"
event_00561,event_00562,1,U05,"U16,U23",1,episode_0126,CTX_0126,"{U05,U16}","{U05,U23}"
event_00563,event_00564,2,"U15,U18",,1,episode_0127,CTX_0127,"{U15,U18}","{U15,U18}"
event_00564,event_00565,4,,"U09,U15,U18,U30",1,episode_0127,CTX_0127,"{U15,U18}","{U09,U30}"
event_00565,event_00566,4,,"U01,U09,U14,U30",1,episode_0127,CTX_0127,"{U09,U30}","{U01,U14}"
event_00567,event_00568,1,U32,"U20,U31",1,episode_0128,CTX_0128,"{U31,U32}","{U20,U32}"
event_00568,event_00569,4,,"U00,U20,U32,U39",1,episode_0128,CTX_0128,"{U20,U32}","{U00,U39}"
event_00569,event_00570,1,U00,"U26,U39",1,episode_0128,CTX_0128,"{U00,U39}","{U00,U26}"
event_00570,event_00571,4,,"U00,U04,U26,U32",1,episode_0128,CTX_0128,"{U00,U26}","{U04,U32}"
event_00572,event_00573,1,,"U02,U20,U24,U28",1,episode_0129,CTX_0129,"{U20,U28}","{U02,U24}"
event_00573,event_00574,5,,"U02,U24,U28,U37",1,episode_0129,CTX_0129,"{U02,U24}","{U28,U37}"
event_00574,event_00575,4,,"U09,U26,U28,U37",1,episode_0129,CTX_0129,"{U28,U37}","{U09,U26}"
event_00576,event_00577,1,U36,"U17,U38",1,episode_0130,CTX_0130,"{U36,U38}","{U17,U36}"
event_00577,event_00578,4,,"U17,U30,U35,U36",1,episode_0130,CTX_0130,"{U17,U36}","{U30,U35}"
event_00578,event_00579,1,U35,"U26,U30",1,episode_0130,CTX_0130,"{U30,U35}","{U26,U35}"
event_00579,event_00580,5,,"U20,U23,U26,U35",1,episode_0130,CTX_0130,"{U26,U35}","{U20,U23}"
event_00581,event_00582,2,U38,"U06,U35",1,episode_0131,CTX_0131,"{U35,U38}","{U06,U38}"
event_00582,event_00583,4,,"U06,U32,U38,U39",1,episode_0131,CTX_0131,"{U06,U38}","{U32,U39}"
event_00583,event_00584,5,,"U07,U32,U33,U39",1,episode_0131,CTX_0131,"{U32,U39}","{U07,U33}"
event_00585,event_00586,1,U30,"U04,U15",1,episode_0132,CTX_0132,"{U15,U30}","{U04,U30}"
event_00586,event_00587,8,,"U04,U08,U16,U30",1,episode_0132,CTX_0132,"{U04,U30}","{U08,U16}"
event_00587,event_00588,2,,"U03,U08,U16,U29",1,episode_0132,CTX_0132,"{U08,U16}","{U03,U29}"
event_00589,event_00590,2,,"U01,U16,U19,U29",1,episode_0133,CTX_0133,"{U16,U19}","{U01,U29}"
event_00590,event_00591,4,,"U01,U29,U34,U35",1,episode_0133,CTX_0133,"{U01,U29}","{U34,U35}"
event_00591,event_00592,4,,"U18,U20,U34,U35",1,episode_0133,CTX_0133,"{U34,U35}","{U18,U20}"
event_00593,event_00594,1,U30,"U04,U10",1,episode_0134,CTX_0134,"{U04,U30}","{U10,U30}"
event_00594,event_00595,4,,"U08,U10,U22,U30",1,episode_0134,CTX_0134,"{U10,U30}","{U08,U22}"
event_00595,event_00596,4,U08,"U07,U22",1,episode_0134,CTX_0134,"{U08,U22}","{U07,U08}"
event_00597,event_00598,5,U25,"U29,U32",1,episode_0135,CTX_0135,"{U25,U29}","{U25,U32}"
event_00598,event_00599,4,,"U09,U13,U25,U32",1,episode_0135,CTX_0135,"{U25,U32}","{U09,U13}"
event_00600,event_00601,4,,"U01,U04,U32,U37",1,episode_0136,CTX_0136,"{U04,U37}","{U01,U32}"
event_00601,event_00602,4,,"U01,U02,U05,U32",1,episode_0136,CTX_0136,"{U01,U32}","{U02,U05}"
event_00603,event_00604,6,,"U07,U19,U21,U36",1,episode_0137,CTX_0137,"{U07,U21}","{U19,U36}"
event_00604,event_00605,4,,"U03,U07,U19,U36",1,episode_0137,CTX_0137,"{U19,U36}","{U03,U07}"
event_00606,event_00607,1,U02,"U14,U33",1,episode_0138,CTX_0138,"{U02,U14}","{U02,U33}"
event_00607,event_00608,4,,"U02,U06,U27,U33",1,episode_0138,CTX_0138,"{U02,U33}","{U06,U27}"
event_00608,event_00609,5,,"U06,U07,U17,U27",1,episode_0138,CTX_0138,"{U06,U27}","{U07,U17}"
event_00610,event_00611,1,U28,"U21,U32",1,episode_0139,CTX_0139,"{U28,U32}","{U21,U28}"
event_00611,event_00612,4,,"U21,U23,U28,U33",1,episode_0139,CTX_0139,"{U21,U28}","{U23,U33}"
event_00612,event_00613,4,,"U01,U21,U23,U33",1,episode_0139,CTX_0139,"{U23,U33}","{U01,U21}"
event_00614,event_00615,4,,"U01,U10,U20,U28",1,episode_0140,CTX_0140,"{U01,U10}","{U20,U28}"
event_00615,event_00616,1,,"U20,U22,U28,U38",1,episode_0140,CTX_0140,"{U20,U28}","{U22,U38}"
event_00616,event_00617,1,U22,"U27,U38",1,episode_0140,CTX_0140,"{U22,U38}","{U22,U27}"
event_00617,event_00618,2,,"U21,U22,U27,U39",1,episode_0140,CTX_0140,"{U22,U27}","{U21,U39}"
event_00619,event_00620,1,U13,"U06,U31",1,episode_0141,CTX_0141,"{U13,U31}","{U06,U13}"
event_00620,event_00621,4,,"U06,U13,U18,U25",1,episode_0141,CTX_0141,"{U06,U13}","{U18,U25}"
event_00621,event_00622,1,U18,"U04,U25",1,episode_0141,CTX_0141,"{U18,U25}","{U04,U18}"
event_00622,event_00623,4,,"U04,U05,U18,U32",1,episode_0141,CTX_0141,"{U04,U18}","{U05,U32}"
event_00623,event_00624,1,U32,"U05,U34",1,episode_0141,CTX_0141,"{U05,U32}","{U32,U34}"
event_00625,event_00626,5,,"U23,U26,U29,U31",1,episode_0142,CTX_0142,"{U26,U31}","{U23,U29}"
event_00626,event_00627,4,,"U00,U23,U29,U31",1,episode_0142,CTX_0142,"{U23,U29}","{U00,U31}"
event_00628,event_00629,1,U30,"U09,U25",1,episode_0143,CTX_0143,"{U09,U30}","{U25,U30}"
event_00629,event_00630,4,,"U07,U16,U25,U30",1,episode_0143,CTX_0143,"{U25,U30}","{U07,U16}"
event_00630,event_00631,4,,"U07,U14,U16,U39",1,episode_0143,CTX_0143,"{U07,U16}","{U14,U39}"
event_00632,event_00633,4,,"U00,U06,U28,U29",1,episode_0144,CTX_0144,"{U28,U29}","{U00,U06}"
event_00633,event_00634,4,,"U00,U06,U30,U39",1,episode_0144,CTX_0144,"{U00,U06}","{U30,U39}"
event_00635,event_00636,1,U25,"U22,U28",1,episode_0145,CTX_0145,"{U25,U28}","{U22,U25}"
event_00636,event_00637,6,,"U02,U22,U25,U34",1,episode_0145,CTX_0145,"{U22,U25}","{U02,U34}"
event_00637,event_00638,4,,"U02,U03,U16,U34",1,episode_0145,CTX_0145,"{U02,U34}","{U03,U16}"
event_00639,event_00640,1,U30,"U05,U12",1,episode_0146,CTX_0146,"{U12,U30}","{U05,U30}"
event_00640,event_00641,4,,"U05,U28,U30,U32",1,episode_0146,CTX_0146,"{U05,U30}","{U28,U32}"
event_00641,event_00642,4,,"U28,U29,U32,U33",1,episode_0146,CTX_0146,"{U28,U32}","{U29,U33}"
event_00643,event_00644,1,,"U00,U05,U33,U35",1,episode_0147,CTX_0147,"{U05,U33}","{U00,U35}"
event_00644,event_00645,4,,"U00,U04,U11,U35",1,episode_0147,CTX_0147,"{U00,U35}","{U04,U11}"
event_00645,event_00646,4,,"U04,U08,U11,U12",1,episode_0147,CTX_0147,"{U04,U11}","{U08,U12}"
event_00647,event_00648,4,,"U03,U14,U17,U23",1,episode_0148,CTX_0148,"{U03,U17}","{U14,U23}"
event_00648,event_00649,1,U23,"U14,U15",1,episode_0148,CTX_0148,"{U14,U23}","{U15,U23}"
event_00649,event_00650,4,,"U13,U15,U23,U36",1,episode_0148,CTX_0148,"{U15,U23}","{U13,U36}"
event_00651,event_00652,4,,"U12,U19,U33,U35",1,episode_0149,CTX_0149,"{U33,U35}","{U12,U19}"
event_00652,event_00653,4,,"U12,U19,U38,U39",1,episode_0149,CTX_0149,"{U12,U19}","{U38,U39}"
event_00654,event_00655,1,,"U05,U19,U23,U35",1,episode_0150,CTX_0150,"{U19,U23}","{U05,U35}"
event_00655,event_00656,5,,"U05,U15,U35,U39",1,episode_0150,CTX_0150,"{U05,U35}","{U15,U39}"
event_00656,event_00657,4,U15,"U20,U39",1,episode_0150,CTX_0150,"{U15,U39}","{U15,U20}"
event_00658,event_00659,1,U12,"U31,U33",1,episode_0151,CTX_0151,"{U12,U33}","{U12,U31}"
event_00659,event_00660,4,,"U05,U12,U26,U31",1,episode_0151,CTX_0151,"{U12,U31}","{U05,U26}"
event_00660,event_00661,4,,"U05,U16,U19,U26",1,episode_0151,CTX_0151,"{U05,U26}","{U16,U19}"
event_00662,event_00663,1,,"U06,U21,U27,U30",1,episode_0152,CTX_0152,"{U27,U30}","{U06,U21}"
event_00663,event_00664,3,,"U06,U13,U21,U30",1,episode_0152,CTX_0152,"{U06,U21}","{U13,U30}"
event_00664,event_00665,4,,"U00,U13,U26,U30",1,episode_0152,CTX_0152,"{U13,U30}","{U00,U26}"
event_00665,event_00666,1,,"U00,U26,U28,U30",1,episode_0152,CTX_0152,"{U00,U26}","{U28,U30}"
event_00666,event_00667,2,,"U03,U26,U28,U30",1,episode_0152,CTX_0152,"{U28,U30}","{U03,U26}"
event_00668,event_00669,2,"U07,U13",,1,episode_0153,CTX_0153,"{U07,U13}","{U07,U13}"
event_00669,event_00670,4,,"U07,U12,U13,U14",1,episode_0153,CTX_0153,"{U07,U13}","{U12,U14}"
event_00670,event_00671,1,U12,"U09,U14",1,episode_0153,CTX_0153,"{U12,U14}","{U09,U12}"
event_00671,event_00672,4,,"U01,U03,U09,U12",1,episode_0153,CTX_0153,"{U09,U12}","{U01,U03}"
event_00673,event_00674,1,U05,"U17,U31",1,episode_0154,CTX_0154,"{U05,U17}","{U05,U31}"
event_00674,event_00675,4,,"U05,U10,U26,U31",1,episode_0154,CTX_0154,"{U05,U31}","{U10,U26}"
event_00675,event_00676,5,,"U07,U10,U24,U26",1,episode_0154,CTX_0154,"{U10,U26}","{U07,U24}"
event_00677,event_00678,1,U09,"U25,U30",1,episode_0155,CTX_0155,"{U09,U30}","{U09,U25}"
event_00678,event_00679,4,,"U09,U25,U27,U29",1,episode_0155,CTX_0155,"{U09,U25}","{U27,U29}"
event_00679,event_00680,4,,"U15,U17,U27,U29",1,episode_0155,CTX_0155,"{U27,U29}","{U15,U17}"
event_00681,event_00682,1,U30,"U22,U28",1,episode_0156,CTX_0156,"{U28,U30}","{U22,U30}"
event_00682,event_00683,9,,"U08,U22,U29,U30",1,episode_0156,CTX_0156,"{U22,U30}","{U08,U29}"
event_00684,event_00685,1,U15,"U19,U30",1,episode_0157,CTX_0157,"{U15,U30}","{U15,U19}"
event_00685,event_00686,5,,"U15,U19,U31,U36",1,episode_0157,CTX_0157,"{U15,U19}","{U31,U36}"
event_00686,event_00687,4,U36,"U02,U31",1,episode_0157,CTX_0157,"{U31,U36}","{U02,U36}"
event_00687,event_00688,1,U36,"U02,U23",1,episode_0157,CTX_0157,"{U02,U36}","{U23,U36}"
event_00689,event_00690,4,,"U19,U20,U22,U37",1,episode_0158,CTX_0158,"{U19,U22}","{U20,U37}"
event_00690,event_00691,4,,"U15,U19,U20,U37",1,episode_0158,CTX_0158,"{U20,U37}","{U15,U19}"
event_00691,event_00692,1,U19,"U15,U24",1,episode_0158,CTX_0158,"{U15,U19}","{U19,U24}"
event_00693,event_00694,5,,"U15,U18,U27,U33",1,episode_0159,CTX_0159,"{U15,U27}","{U18,U33}"
event_00695,event_00696,1,,"U10,U19,U30,U39",1,episode_0160,CTX_0160,"{U19,U30}","{U10,U39}"
event_00696,event_00697,1,U39,"U10,U19",1,episode_0160,CTX_0160,"{U10,U39}","{U19,U39}"
event_00697,event_00698,4,,"U10,U19,U27,U39",1,episode_0160,CTX_0160,"{U19,U39}","{U10,U27}"
event_00698,event_00699,1,U10,"U09,U27",1,episode_0160,CTX_0160,"{U10,U27}","{U09,U10}"
event_00699,event_00700,4,,"U09,U10,U12,U24",1,episode_0160,CTX_0160,"{U09,U10}","{U12,U24}"
event_00700,event_00701,1,U24,"U12,U35",1,episode_0160,CTX_0160,"{U12,U24}","{U24,U35}"
event_00702,event_00703,1,U09,"U08,U19",1,episode_0161,CTX_0161,"{U08,U09}","{U09,U19}"
event_00703,event_00704,4,,"U09,U12,U19,U39",1,episode_0161,CTX_0161,"{U09,U19}","{U12,U39}"
event_00704,event_00705,5,,"U03,U12,U26,U39",1,episode_0161,CTX_0161,"{U12,U39}","{U03,U26}"
event_00706,event_00707,1,U14,"U22,U37",1,episode_0162,CTX_0162,"{U14,U22}","{U14,U37}"
event_00707,event_00708,4,,"U14,U27,U28,U37",1,episode_0162,CTX_0162,"{U14,U37}","{U27,U28}"
event_00708,event_00709,4,,"U15,U27,U28,U32",1,episode_0162,CTX_0162,"{U27,U28}","{U15,U32}"
event_00710,event_00711,1,U07,"U12,U25",1,episode_0163,CTX_0163,"{U07,U12}","{U07,U25}"
event_00711,event_00712,4,,"U03,U07,U25,U34",1,episode_0163,CTX_0163,"{U07,U25}","{U03,U34}"
event_00712,event_00713,1,U34,"U03,U14",1,episode_0163,CTX_0163,"{U03,U34}","{U14,U34}"
event_00713,event_00714,4,,"U07,U14,U34,U36",1,episode_0163,CTX_0163,"{U14,U34}","{U07,U36}"
event_00715,event_00716,1,U26,"U02,U20",1,episode_0164,CTX_0164,"{U20,U26}","{U02,U26}"
event_00716,event_00717,3,,"U02,U04,U26,U29",1,episode_0164,CTX_0164,"{U02,U26}","{U04,U29}"
event_00717,event_00718,1,U29,"U04,U30",1,episode_0164,CTX_0164,"{U04,U29}","{U29,U30}"
event_00718,event_00719,4,,"U10,U28,U29,U30",1,episode_0164,CTX_0164,"{U29,U30}","{U10,U28}"
event_00720,event_00721,5,,"U18,U25,U30,U35",1,episode_0165,CTX_0165,"{U18,U25}","{U30,U35}"
event_00721,event_00722,4,,"U19,U27,U30,U35",1,episode_0165,CTX_0165,"{U30,U35}","{U19,U27}"
event_00723,event_00724,1,,"U00,U08,U18,U27",1,episode_0166,CTX_0166,"{U08,U27}","{U00,U18}"
event_00724,event_00725,4,,"U00,U10,U13,U18",1,episode_0166,CTX_0166,"{U00,U18}","{U10,U13}"
event_00725,event_00726,1,U10,"U13,U21",1,episode_0166,CTX_0166,"{U10,U13}","{U10,U21}"
event_00727,event_00728,2,,"U25,U27,U31,U37",1,episode_0167,CTX_0167,"{U27,U37}","{U25,U31}"
event_00728,event_00729,4,,"U00,U25,U29,U31",1,episode_0167,CTX_0167,"{U25,U31}","{U00,U29}"
event_00729,event_00730,4,,"U00,U21,U24,U29",1,episode_0167,CTX_0167,"{U00,U29}","{U21,U24}"
event_00731,event_00732,1,,"U05,U19,U27,U36",1,episode_0168,CTX_0168,"{U19,U36}","{U05,U27}"
event_00732,event_00733,2,U27,"U05,U06",1,episode_0168,CTX_0168,"{U05,U27}","{U06,U27}"
event_00733,event_00734,2,,"U00,U06,U21,U27",1,episode_0168,CTX_0168,"{U06,U27}","{U00,U21}"
event_00734,event_00735,1,U00,"U21,U36",1,episode_0168,CTX_0168,"{U00,U21}","{U00,U36}"
event_00735,event_00736,4,,"U00,U25,U34,U36",1,episode_0168,CTX_0168,"{U00,U36}","{U25,U34}"
event_00736,event_00737,1,U25,"U28,U34",1,episode_0168,CTX_0168,"{U25,U34}","{U25,U28}"
event_00738,event_00739,1,U09,"U16,U28",1,episode_0169,CTX_0169,"{U09,U28}","{U09,U16}"
event_00739,event_00740,5,,"U09,U15,U16,U37",1,episode_0169,CTX_0169,"{U09,U16}","{U15,U37}"
event_00740,event_00741,4,,"U15,U28,U37,U39",1,episode_0169,CTX_0169,"{U15,U37}","{U28,U39}"
event_00742,event_00743,1,,"U03,U10,U20,U23",1,episode_0170,CTX_0170,"{U10,U20}","{U03,U23}"
event_00743,event_00744,4,,"U03,U14,U19,U23",1,episode_0170,CTX_0170,"{U03,U23}","{U14,U19}"
event_00744,event_00745,4,,"U03,U06,U14,U19",1,episode_0170,CTX_0170,"{U14,U19}","{U03,U06}"
event_00746,event_00747,1,U33,"U06,U39",1,episode_0171,CTX_0171,"{U06,U33}","{U33,U39}"
event_00747,event_00748,4,,"U15,U26,U33,U39",1,episode_0171,CTX_0171,"{U33,U39}","{U15,U26}"
event_00748,event_00749,1,U15,"U26,U37",1,episode_0171,CTX_0171,"{U15,U26}","{U15,U37}"
event_00749,event_00750,4,,"U15,U25,U36,U37",1,episode_0171,CTX_0171,"{U15,U37}","{U25,U36}"
event_00751,event_00752,1,,"U07,U24,U27,U30",1,episode_0172,CTX_0172,"{U27,U30}","{U07,U24}"
event_00752,event_00753,1,U24,"U07,U27",1,episode_0172,CTX_0172,"{U07,U24}","{U24,U27}"
event_00753,event_00754,4,,"U00,U17,U24,U27",1,episode_0172,CTX_0172,"{U24,U27}","{U00,U17}"
event_00754,event_00755,5,,"U00,U13,U17,U23",1,episode_0172,CTX_0172,"{U00,U17}","{U13,U23}"
event_00756,event_00757,1,U12,"U33,U35",1,episode_0173,CTX_0173,"{U12,U33}","{U12,U35}"
event_00757,event_00758,5,,"U02,U12,U25,U35",1,episode_0173,CTX_0173,"{U12,U35}","{U02,U25}"
event_00758,event_00759,5,,"U02,U16,U25,U35",1,episode_0173,CTX_0173,"{U02,U25}","{U16,U35}"
event_00760,event_00761,1,,"U09,U20,U28,U33",1,episode_0174,CTX_0174,"{U09,U33}","{U20,U28}"
event_00761,event_00762,1,U28,"U20,U22",1,episode_0174,CTX_0174,"{U20,U28}","{U22,U28}"
event_00762,event_00763,5,,"U16,U21,U22,U28",1,episode_0174,CTX_0174,"{U22,U28}","{U16,U21}"
event_00763,event_00764,4,U16,"U00,U21",1,episode_0174,CTX_0174,"{U16,U21}","{U00,U16}"
event_00765,event_00766,1,U31,"U12,U14",1,episode_0175,CTX_0175,"{U12,U31}","{U14,U31}"
event_00766,event_00767,4,,"U08,U14,U28,U31",1,episode_0175,CTX_0175,"{U14,U31}","{U08,U28}"
event_00767,event_00768,1,U28,"U08,U37",1,episode_0175,CTX_0175,"{U08,U28}","{U28,U37}"
event_00768,event_00769,3,,"U28,U32,U35,U37",1,episode_0175,CTX_0175,"{U28,U37}","{U32,U35}"
event_00770,event_00771,1,U02,"U12,U24",1,episode_0176,CTX_0176,"{U02,U24}","{U02,U12}"
event_00771,event_00772,1,U12,"U02,U30",1,episode_0176,CTX_0176,"{U02,U12}","{U12,U30}"
event_00772,event_00773,4,,"U03,U12,U13,U30",1,episode_0176,CTX_0176,"{U12,U30}","{U03,U13}"
event_00773,event_00774,4,,"U03,U13,U34,U35",1,episode_0176,CTX_0176,"{U03,U13}","{U34,U35}"
event_00775,event_00776,1,U25,"U03,U27",1,episode_0177,CTX_0177,"{U03,U25}","{U25,U27}"
event_00776,event_00777,4,,"U22,U23,U25,U27",1,episode_0177,CTX_0177,"{U25,U27}","{U22,U23}"
event_00777,event_00778,5,,"U06,U14,U22,U23",1,episode_0177,CTX_0177,"{U22,U23}","{U06,U14}"
event_00779,event_00780,1,U24,"U04,U31",1,episode_0178,CTX_0178,"{U04,U24}","{U24,U31}"
event_00780,event_00781,5,,"U21,U24,U31,U33",1,episode_0178,CTX_0178,"{U24,U31}","{U21,U33}"
event_00781,event_00782,4,,"U05,U15,U21,U33",1,episode_0178,CTX_0178,"{U21,U33}","{U05,U15}"
event_00783,event_00784,4,U14,"U34,U37",1,episode_0179,CTX_0179,"{U14,U37}","{U14,U34}"
event_00784,event_00785,5,,"U14,U22,U31,U34",1,episode_0179,CTX_0179,"{U14,U34}","{U22,U31}"
event_00786,event_00787,4,,"U04,U12,U21,U22",1,episode_0180,CTX_0180,"{U12,U22}","{U04,U21}"
event_00787,event_00788,1,U21,"U04,U10",1,episode_0180,CTX_0180,"{U04,U21}","{U10,U21}"
event_00788,event_00789,4,,"U04,U10,U21,U29",1,episode_0180,CTX_0180,"{U10,U21}","{U04,U29}"
event_00790,event_00791,1,U02,"U17,U26",1,episode_0181,CTX_0181,"{U02,U26}","{U02,U17}"
event_00791,event_00792,1,U17,"U02,U05",1,episode_0181,CTX_0181,"{U02,U17}","{U05,U17}"
event_00792,event_00793,9,,"U05,U17,U28,U31",1,episode_0181,CTX_0181,"{U05,U17}","{U28,U31}"
event_00794,event_00795,2,U39,"U13,U31",1,episode_0182,CTX_0182,"{U31,U39}","{U13,U39}"
event_00795,event_00796,4,,"U12,U13,U28,U39",1,episode_0182,CTX_0182,"{U13,U39}","{U12,U28}"
event_00796,event_00797,2,,"U05,U12,U28,U36",1,episode_0182,CTX_0182,"{U12,U28}","{U05,U36}"
event_00797,event_00798,2,,"U05,U06,U36,U37",1,episode_0182,CTX_0182,"{U05,U36}","{U06,U37}"
event_00799,event_00800,1,U30,"U15,U31",1,episode_0183,CTX_0183,"{U15,U30}","{U30,U31}"
event_00800,event_00801,4,,"U09,U26,U30,U31",1,episode_0183,CTX_0183,"{U30,U31}","{U09,U26}"
event_00801,event_00802,1,U26,"U09,U22",1,episode_0183,CTX_0183,"{U09,U26}","{U22,U26}"
event_00802,event_00803,5,,"U15,U16,U22,U26",1,episode_0183,CTX_0183,"{U22,U26}","{U15,U16}"
event_00804,event_00805,2,"U12,U33",,1,episode_0184,CTX_0184,"{U12,U33}","{U12,U33}"
event_00805,event_00806,4,,"U12,U15,U33,U34",1,episode_0184,CTX_0184,"{U12,U33}","{U15,U34}"
event_00806,event_00807,4,,"U15,U17,U25,U34",1,episode_0184,CTX_0184,"{U15,U34}","{U17,U25}"
event_00808,event_00809,4,,"U02,U05,U19,U28",1,episode_0185,CTX_0185,"{U02,U28}","{U05,U19}"
event_00809,event_00810,4,,"U02,U03,U05,U19",1,episode_0185,CTX_0185,"{U05,U19}","{U02,U03}"
event_00811,event_00812,4,,"U07,U22,U26,U39",1,episode_0186,CTX_0186,"{U26,U39}","{U07,U22}"
event_00812,event_00813,5,,"U07,U22,U24,U28",1,episode_0186,CTX_0186,"{U07,U22}","{U24,U28}"
event_00814,event_00815,1,U26,"U09,U11",1,episode_0187,CTX_0187,"{U09,U26}","{U11,U26}"
event_00815,event_00816,4,,"U11,U14,U26,U38",1,episode_0187,CTX_0187,"{U11,U26}","{U14,U38}"
event_00816,event_00817,5,,"U12,U14,U30,U38",1,episode_0187,CTX_0187,"{U14,U38}","{U12,U30}"
event_00818,event_00819,1,U20,"U06,U17",1,episode_0188,CTX_0188,"{U17,U20}","{U06,U20}"
event_00819,event_00820,1,U06,"U20,U33",1,episode_0188,CTX_0188,"{U06,U20}","{U06,U33}"
event_00820,event_00821,4,,"U02,U06,U22,U33",1,episode_0188,CTX_0188,"{U06,U33}","{U02,U22}"
event_00821,event_00822,1,U22,"U00,U02",1,episode_0188,CTX_0188,"{U02,U22}","{U00,U22}"
event_00822,event_00823,4,,"U00,U22,U35,U39",1,episode_0188,CTX_0188,"{U00,U22}","{U35,U39}"
event_00824,event_00825,4,,"U10,U22,U27,U37",1,episode_0189,CTX_0189,"{U22,U27}","{U10,U37}"
event_00825,event_00826,4,,"U00,U08,U10,U37",1,episode_0189,CTX_0189,"{U10,U37}","{U00,U08}"
event_00827,event_00828,1,U14,"U18,U27",1,episode_0190,CTX_0190,"{U14,U18}","{U14,U27}"
event_00828,event_00829,1,U27,"U14,U30",1,episode_0190,CTX_0190,"{U14,U27}","{U27,U30}"
event_00829,event_00830,4,,"U10,U11,U27,U30",1,episode_0190,CTX_0190,"{U27,U30}","{U10,U11}"
event_00830,event_00831,4,,"U10,U11,U35,U39",1,episode_0190,CTX_0190,"{U10,U11}","{U35,U39}"
event_00832,event_00833,2,,"U10,U11,U17,U28",1,episode_0191,CTX_0191,"{U10,U28}","{U11,U17}"
event_00833,event_00834,4,,"U01,U05,U11,U17",1,episode_0191,CTX_0191,"{U11,U17}","{U01,U05}"
event_00834,event_00835,4,,"U00,U01,U05,U33",1,episode_0191,CTX_0191,"{U01,U05}","{U00,U33}"
event_00836,event_00837,1,U27,"U26,U37",1,episode_0192,CTX_0192,"{U27,U37}","{U26,U27}"
event_00837,event_00838,4,U26,"U08,U27",1,episode_0192,CTX_0192,"{U26,U27}","{U08,U26}"
event_00838,event_00839,5,,"U01,U08,U16,U26",1,episode_0192,CTX_0192,"{U08,U26}","{U01,U16}"
event_00840,event_00841,1,U35,"U08,U31",1,episode_0193,CTX_0193,"{U08,U35}","{U31,U35}"
event_00841,event_00842,4,,"U01,U03,U31,U35",1,episode_0193,CTX_0193,"{U31,U35}","{U01,U03}"
event_00842,event_00843,1,U03,"U01,U22",1,episode_0193,CTX_0193,"{U01,U03}","{U03,U22}"
event_00843,event_00844,4,,"U03,U21,U22,U32",1,episode_0193,CTX_0193,"{U03,U22}","{U21,U32}"
event_00845,event_00846,2,U24,"U03,U11",1,episode_0194,CTX_0194,"{U11,U24}","{U03,U24}"
event_00846,event_00847,4,,"U03,U08,U23,U24",1,episode_0194,CTX_0194,"{U03,U24}","{U08,U23}"
event_00847,event_00848,1,U08,"U23,U24",1,episode_0194,CTX_0194,"{U08,U23}","{U08,U24}"
event_00848,event_00849,5,U08,"U24,U37",1,episode_0194,CTX_0194,"{U08,U24}","{U08,U37}"
event_00850,event_00851,1,U13,"U15,U25",1,episode_0195,CTX_0195,"{U13,U15}","{U13,U25}"
event_00851,event_00852,1,U13,"U25,U32",1,episode_0195,CTX_0195,"{U13,U25}","{U13,U32}"
event_00852,event_00853,4,,"U10,U13,U32,U39",1,episode_0195,CTX_0195,"{U13,U32}","{U10,U39}"
event_00853,event_00854,5,,"U10,U13,U38,U39",1,episode_0195,CTX_0195,"{U10,U39}","{U13,U38}"
event_00855,event_00856,1,U06,"U04,U09",1,episode_0196,CTX_0196,"{U04,U06}","{U06,U09}"
event_00856,event_00857,4,,"U06,U09,U25,U37",1,episode_0196,CTX_0196,"{U06,U09}","{U25,U37}"
event_00857,event_00858,4,U37,"U19,U25",1,episode_0196,CTX_0196,"{U25,U37}","{U19,U37}"
event_00858,event_00859,1,U19,"U37,U39",1,episode_0196,CTX_0196,"{U19,U37}","{U19,U39}"
event_00860,event_00861,4,,"U04,U16,U26,U34",1,episode_0197,CTX_0197,"{U04,U34}","{U16,U26}"
event_00861,event_00862,5,,"U07,U16,U26,U39",1,episode_0197,CTX_0197,"{U16,U26}","{U07,U39}"
event_00863,event_00864,4,,"U06,U12,U20,U28",1,episode_0198,CTX_0198,"{U06,U12}","{U20,U28}"
event_00864,event_00865,1,U20,"U27,U28",1,episode_0198,CTX_0198,"{U20,U28}","{U20,U27}"
event_00865,event_00866,4,,"U03,U20,U27,U37",1,episode_0198,CTX_0198,"{U20,U27}","{U03,U37}"
event_00867,event_00868,4,,"U08,U23,U31,U37",1,episode_0199,CTX_0199,"{U23,U37}","{U08,U31}"
event_00868,event_00869,4,,"U08,U19,U21,U31",1,episode_0199,CTX_0199,"{U08,U31}","{U19,U21}"
